tourist_id,timestamp,day,hour,location_name,is_anomaly,anomaly_type,steps_count,distance_traveled_km,avg_speed_kmh,location_changes,app_interactions,communication_events,heart_rate_avg,heart_rate_variability,battery_drain_rate,gps_accuracy,time_stationary_minutes,deviation_from_route_meters,panic_button_presses,emergency_contacts_called,unusual_location_visits
tourist_0,2025-08-11 00:36:37.357606,0,0,Shillong,False,normal,48,0.10724040800678539,2.520432394004236,0,2,3,71,23.1932479344394,4.011649971327826,5.336574762402687,7,41,0,0,0
tourist_0,2025-08-11 01:36:37.357606,0,1,Shillong,False,normal,0,0.18118111258190242,4.603408443888383,0,0,4,72,20.131900804558242,5.196117761321106,3.7142570490970503,1,23,0,0,0
tourist_0,2025-08-11 02:36:37.357606,0,2,Shillong,False,normal,85,0.028435012886300216,3.889041495356789,0,0,3,83,31.468161713618542,3.79596511578469,8.864863509365941,24,78,0,0,0
tourist_0,2025-08-11 03:36:37.357606,0,3,Shillong,False,normal,43,0.10433405012115327,2.0997682833867053,0,3,2,89,32.77513124452158,4.69444211146247,9.723944486728623,0,101,0,0,0
tourist_0,2025-08-11 04:36:37.357606,0,4,Shillong,False,normal,98,0.12923091428391953,3.0274627453362606,0,3,4,86,33.36940443806294,4.1235648954674495,3.222889147187713,24,165,0,0,0
tourist_0,2025-08-11 05:36:37.357606,0,5,Shillong,False,normal,23,0.14516556832222668,5.257499534401948,0,0,4,78,23.402537753418166,4.010748458375119,5.738353149499119,2,185,0,0,0
tourist_0,2025-08-11 06:36:37.357606,0,6,Shillong,False,normal,667,1.4691390688189958,1.179383753911723,3,5,2,88,21.763145898521522,4.884952568192378,3.089803764768294,11,58,0,0,0
tourist_0,2025-08-11 07:36:37.357606,0,7,Shillong,False,normal,615,1.8299937267044115,3.1771503684486198,1,14,4,90,34.405915324892575,4.632510322715598,9.864722119593084,4,137,0,0,0
tourist_0,2025-08-11 08:36:37.357606,0,8,Shillong,False,normal,655,1.446475411796014,4.871999256010331,4,6,1,74,29.1268064369525,3.0630263519964145,8.59222215760002,21,69,0,0,0
tourist_0,2025-08-11 09:36:37.357606,0,9,Shillong,False,normal,644,2.085671071342329,2.7393225950396953,1,8,1,86,27.101228938557583,3.2663667146020865,6.0324021971401285,0,137,0,0,0
tourist_0,2025-08-11 10:36:37.357606,0,10,Shillong,False,normal,586,0.6837099817876311,2.9271768456827427,4,5,3,78,39.11532185562115,3.099093468878007,6.931117507396741,13,89,0,0,0
tourist_0,2025-08-11 11:36:37.357606,0,11,Shillong,False,normal,224,2.097819843070282,3.511354028367906,2,18,1,74,27.442192385906104,3.7048903124953956,3.548635346988577,28,160,0,0,0
tourist_0,2025-08-11 12:36:37.357606,0,12,Shillong,False,normal,7,0.15161258655592222,5.097452623429085,0,3,3,74,38.27444250225003,5.317354356851202,5.038364137954494,26,99,0,0,0
tourist_0,2025-08-11 13:36:37.357606,0,13,Shillong,False,normal,47,0.025293991766751622,2.967161000620146,0,2,1,90,23.336034387689327,4.767885186960835,6.025275770085978,23,34,0,0,0
tourist_0,2025-08-11 14:36:37.357606,0,14,Shillong,False,normal,58,0.13368942740650824,3.162081037658732,0,2,4,84,26.076115582735653,5.373327473722183,3.1978062399479885,16,83,0,0,0
tourist_0,2025-08-11 15:36:37.357606,0,15,Shillong,False,normal,66,0.10294382804122314,3.17171172168628,0,1,3,86,22.095550528981946,5.178978488646459,4.574329929456375,18,87,0,0,0
tourist_0,2025-08-11 16:36:37.357606,0,16,Shillong,False,normal,11,0.05435027767690406,5.811993080030253,0,1,2,80,25.290971904720394,3.1290740431456823,6.503831502516066,30,50,0,0,0
tourist_0,2025-08-11 17:36:37.357606,0,17,Shillong,False,normal,64,0.03989986890273561,5.792849086278584,0,0,2,78,31.29248980148554,3.255300088229072,5.219197419182855,10,141,0,0,0
tourist_0,2025-08-11 18:36:37.357606,0,18,Shillong,False,normal,68,0.026693525805137022,4.610116895183674,0,1,4,85,34.61120656108202,5.330863327418817,4.797962166341712,26,147,0,0,0
tourist_0,2025-08-11 19:36:37.357606,0,19,Shillong,False,normal,62,0.06810434817643955,3.992249396479653,0,1,2,89,32.69565507858405,5.694804753224301,8.533682206335524,19,126,0,0,0
tourist_0,2025-08-11 20:36:37.357606,0,20,Shillong,False,normal,43,0.13915643481109116,4.343431573201039,0,0,1,81,37.232941457742676,4.085523224421218,7.682631052960505,13,80,0,0,0
tourist_0,2025-08-11 21:36:37.357606,0,21,Shillong,False,normal,45,0.04331886734111006,5.096795025455596,0,3,3,76,36.409562527695726,3.542028159999277,9.840613101740317,1,106,0,0,0
tourist_0,2025-08-11 22:36:37.357606,0,22,Shillong,False,normal,48,0.10009495953541879,2.6702291289024056,0,1,4,81,21.383184629929488,3.8876969916148507,9.357488750352804,16,154,0,0,0
tourist_0,2025-08-11 23:36:37.357606,0,23,Shillong,False,normal,41,0.010982315159173384,4.7818920420869,0,3,1,88,27.76836310304912,3.3223977118480525,7.01471225439881,30,180,0,0,0
tourist_0,2025-08-12 00:36:37.357606,1,0,Itanagar,False,normal,34,0.16816993421200166,2.3521823295557844,0,2,2,84,30.01991623266914,5.716389587291175,4.925148907007635,30,12,0,0,0
tourist_0,2025-08-12 01:36:37.357606,1,1,Itanagar,False,normal,23,0.024667872518170198,2.968311494851387,0,3,4,74,29.54643510805155,3.128280210576384,9.98693960751136,4,83,0,0,0
tourist_0,2025-08-12 02:36:37.357606,1,2,Itanagar,False,normal,47,0.17830652585885878,4.513168193105098,0,1,1,84,30.08232517534234,5.727626254130678,7.209736901671305,30,73,0,0,0
tourist_0,2025-08-12 03:36:37.357606,1,3,Itanagar,False,normal,90,0.11602096542852405,2.177382297078828,0,0,3,82,24.551541609762502,5.663176597564719,9.101110061805946,9,43,0,0,0
tourist_0,2025-08-12 04:36:37.357606,1,4,Itanagar,False,normal,53,0.07152513626959393,3.465994277116131,0,0,1,85,33.475397104735606,3.5947224284698307,4.886148524831276,5,195,0,0,0
tourist_0,2025-08-12 05:36:37.357606,1,5,Itanagar,False,normal,94,0.18537878026251725,2.7443081014451116,0,1,3,85,37.313464861551275,4.40217463428087,4.9771292037865,2,26,0,0,0
tourist_0,2025-08-12 06:36:37.357606,1,6,Itanagar,False,normal,653,2.0321533110916867,3.3504436267742,5,13,2,86,38.817809361537286,3.2033247568194865,9.575745796760035,13,114,0,0,0
tourist_0,2025-08-12 07:36:37.357606,1,7,Itanagar,False,normal,313,0.6503797540442577,0.8074738918440727,4,18,3,74,29.864376207375603,3.5833797439100707,4.481410375525119,7,9,0,0,0
tourist_0,2025-08-12 08:36:37.357606,1,8,Itanagar,False,normal,450,2.7750603260132447,1.83452989279495,1,17,1,70,28.244462409051277,3.9657579112111248,3.209649274445264,29,63,0,0,0
tourist_0,2025-08-12 09:36:37.357606,1,9,Itanagar,False,normal,646,2.2470633665357376,2.9061857627068797,2,14,1,79,33.41899702594125,5.4653903765562335,4.484077771071093,0,191,0,0,0
tourist_0,2025-08-12 10:36:37.357606,1,10,Itanagar,False,normal,570,2.4651922053261597,4.5335254290633795,4,12,4,77,30.21106625533423,5.760165239153874,5.734714395727204,6,99,0,0,0
tourist_0,2025-08-12 11:36:37.357606,1,11,Itanagar,False,normal,278,2.959177093657365,3.432427314514581,4,6,3,74,29.5129121439488,5.161398140623288,3.747879377617326,3,117,0,0,0
tourist_0,2025-08-12 12:36:37.357606,1,12,Itanagar,False,normal,45,0.11036004217655904,3.608908913201608,0,0,4,86,27.06012238394567,4.088378799260559,5.734103639098432,1,27,0,0,0
tourist_0,2025-08-12 13:36:37.357606,1,13,Itanagar,False,normal,65,0.16594009680329247,4.294285708407082,0,0,3,72,35.6102069718756,3.617853305322507,5.689984234113817,13,32,0,0,0
tourist_0,2025-08-12 14:36:37.357606,1,14,Itanagar,False,normal,60,0.02811449445986334,2.7265266542957454,0,0,2,72,26.620503072782025,3.294634069794622,4.53351058962378,13,51,0,0,0
tourist_0,2025-08-12 15:36:37.357606,1,15,Itanagar,False,normal,84,0.08093315222803572,3.889690321112088,0,0,2,73,29.226691826536772,3.2708620533569843,7.678447263600299,11,112,0,0,0
tourist_0,2025-08-12 16:36:37.357606,1,16,Itanagar,False,normal,26,0.16338144576421626,2.800696479239181,0,1,4,80,33.43172015890576,3.268209204270191,3.0667902830377205,10,171,0,0,0
tourist_0,2025-08-12 17:36:37.357606,1,17,Itanagar,False,normal,51,0.06911098627283026,1.8783935031841898,0,1,1,71,31.00332976350232,3.3309846131081344,4.7477357984816715,7,32,0,0,0
tourist_0,2025-08-12 18:36:37.357606,1,18,Itanagar,False,normal,71,0.1585247427237101,3.215163203549696,0,2,4,87,27.35489731589123,4.878265882959612,8.925521991536495,28,8,0,0,0
tourist_0,2025-08-12 19:36:37.357606,1,19,Itanagar,False,normal,77,0.05786577217259301,4.179868859709854,0,2,1,81,30.127248877115786,3.0086966301486795,5.0589445647537294,12,184,0,0,0
tourist_0,2025-08-12 20:36:37.357606,1,20,Itanagar,False,normal,23,0.12200188834315458,3.9446520483045986,0,3,1,89,39.1312446811164,4.602143105836037,5.793502617212674,21,18,0,0,0
tourist_0,2025-08-12 21:36:37.357606,1,21,Itanagar,False,normal,24,0.04106850731715206,3.594232502825977,0,2,4,85,25.66599155269322,5.67094828679023,9.881685456728473,5,99,0,0,0
tourist_0,2025-08-12 22:36:37.357606,1,22,Itanagar,False,normal,3,0.05207284052479371,5.998428263242523,0,0,2,76,27.31040197372474,3.3024399683561048,9.999393381186925,19,25,0,0,0
tourist_0,2025-08-12 23:36:37.357606,1,23,Itanagar,False,normal,34,0.024251125593130408,4.018975157613576,0,0,3,71,38.29333055836723,4.083455088662159,4.764502502048267,2,158,0,0,0
tourist_1,2025-08-11 00:36:37.357606,0,0,Kohima,False,normal,36,0.15984948396833562,6.095253078514555,0,2,1,77,20.107014789219054,5.516419688908278,7.33522403021517,29,196,0,0,0
tourist_1,2025-08-11 01:36:37.357606,0,1,Kohima,False,normal,56,0.16746266244092192,7.354660411075162,0,2,2,75,36.40559910303441,3.396912717537953,3.0024387978577334,6,61,0,0,0
tourist_1,2025-08-11 02:36:37.357606,0,2,Kohima,False,normal,0,0.16153450968445543,3.8224317494159603,0,1,0,75,30.722548554343266,4.263907719436617,8.441745558288527,12,78,0,0,0
tourist_1,2025-08-11 03:36:37.357606,0,3,Kohima,False,normal,8,0.1747414350864699,4.077728862372256,0,0,2,82,25.32228284603697,3.1606807627851463,7.723275898435572,22,48,0,0,0
tourist_1,2025-08-11 04:36:37.357606,0,4,Kohima,False,normal,39,0.06228120267010691,6.86022929770014,0,2,0,74,26.16227943970039,5.640669330086709,4.399749547159903,6,127,0,0,0
tourist_1,2025-08-11 05:36:37.357606,0,5,Kohima,False,normal,5,0.0845444158698056,4.318454337336147,0,1,0,71,30.99759343599925,5.692541684864964,3.439116799405439,18,48,0,0,0
tourist_1,2025-08-11 06:36:37.357606,0,6,Kohima,False,normal,51,0.11386880236616842,5.14620030288054,0,3,2,87,38.77848705129736,3.2238175111599583,8.816535458243418,6,22,0,0,0
tourist_1,2025-08-11 07:36:37.357606,0,7,Kohima,False,normal,56,0.00854634633500062,6.1858330420015575,0,2,2,70,24.164656352282666,3.1069074680548594,8.98717676480685,16,25,0,0,0
tourist_1,2025-08-11 08:36:37.357606,0,8,Kohima,False,normal,251,2.5936256537545956,6.00722346387038,4,17,1,75,32.858439036883794,4.214112705907095,6.000444051672025,21,26,0,0,0
tourist_1,2025-08-11 09:36:37.357606,0,9,Kohima,False,normal,289,0.6087630207835231,6.871403254558318,2,9,2,88,26.03925412368638,4.530319945979154,7.940538919287595,9,105,0,0,0
tourist_1,2025-08-11 10:36:37.357606,0,10,Kohima,False,normal,388,1.8337755488071563,6.6121612096106785,5,7,0,88,32.07814480502083,3.4320777100267517,8.312241317165721,30,169,0,0,0
tourist_1,2025-08-11 11:36:37.357606,0,11,Kohima,False,normal,303,1.635115770815938,6.185909742282946,2,20,0,81,25.92517745614075,5.2587378427102935,5.614322845155246,23,72,0,0,0
tourist_1,2025-08-11 12:36:37.357606,0,12,Kohima,False,normal,751,2.408984604527693,4.343808358330017,5,15,0,75,20.793543066813648,3.1571626868678844,3.677801701693296,25,95,0,0,0
tourist_1,2025-08-11 13:36:37.357606,0,13,Kohima,False,normal,631,2.158245160751087,5.911379740370427,1,7,0,88,27.67389118303376,3.407387551065093,7.75741340212306,3,195,0,0,0
tourist_1,2025-08-11 14:36:37.357606,0,14,Kohima,False,normal,699,2.832844259695758,5.430789067084076,2,20,1,80,38.75554138492366,4.894888241086318,5.9138092212226745,28,195,0,0,0
tourist_1,2025-08-11 15:36:37.357606,0,15,Kohima,False,normal,473,1.344606602119153,3.7902516126367534,4,10,0,73,34.57591693293459,5.521894433783086,7.835986931699593,22,198,0,0,0
tourist_1,2025-08-11 16:36:37.357606,0,16,Kohima,False,normal,347,1.422537202635675,6.533816119054062,1,9,0,90,23.344811154225834,5.057675854848579,8.21046684432601,5,197,0,0,0
tourist_1,2025-08-11 17:36:37.357606,0,17,Kohima,False,normal,771,2.701922298390879,5.923753607155776,5,10,1,86,33.37214127261057,4.411791648472097,4.9368337128406345,21,129,0,0,0
tourist_1,2025-08-11 18:36:37.357606,0,18,Kohima,False,normal,81,0.08775327984214334,5.1620071532083065,0,0,1,85,27.926185327556745,3.1418425359845727,6.005658425789566,13,178,0,0,0
tourist_1,2025-08-11 19:36:37.357606,0,19,Kohima,False,normal,11,0.19605978031056184,4.883425011592796,0,3,1,70,22.233045851887145,5.141078441705247,5.468784567385635,10,199,0,0,0
tourist_1,2025-08-11 20:36:37.357606,0,20,Kohima,False,normal,30,0.1941250990336721,3.918215927876422,0,3,2,88,33.90375634150996,4.996720237290017,3.2286288760049606,4,167,0,0,0
tourist_1,2025-08-11 21:36:37.357606,0,21,Kohima,False,normal,57,0.040466588460942934,5.3160411461358414,0,3,1,90,36.75854131791684,4.044566920684123,7.543189656018958,4,68,0,0,0
tourist_1,2025-08-11 22:36:37.357606,0,22,Kohima,False,normal,45,0.10887852059418018,5.584956192022854,0,0,1,76,35.90072543127956,3.3543027019144436,3.899765147547542,16,2,0,0,0
tourist_1,2025-08-11 23:36:37.357606,0,23,Kohima,False,normal,76,0.09721357005150924,4.28536208833393,0,3,1,85,21.282290935303184,3.565307382869368,5.443631020204691,10,178,0,0,0
tourist_1,2025-08-12 00:36:37.357606,1,0,Itanagar,False,normal,14,0.0791838125485853,6.278721121676739,0,2,2,82,22.050246625536293,3.771478751815221,7.846912666017945,11,44,0,0,0
tourist_1,2025-08-12 01:36:37.357606,1,1,Itanagar,False,normal,24,0.01648053357829662,4.019314026094175,0,0,1,90,33.09295623324175,4.345491571629626,8.11273777527657,30,114,0,0,0
tourist_1,2025-08-12 02:36:37.357606,1,2,Itanagar,False,normal,91,0.008075129113513357,2.9934167225347674,0,0,0,79,38.933837191388115,4.1777365291809385,8.832450791515813,23,85,0,0,0
tourist_1,2025-08-12 03:36:37.357606,1,3,Itanagar,False,normal,47,0.06983495662079378,6.15624416346991,0,2,2,75,22.421861741984348,4.333178409751564,6.5006107408512515,1,52,0,0,0
tourist_1,2025-08-12 04:36:37.357606,1,4,Itanagar,False,normal,36,0.06321557268936638,4.713151034475102,0,2,0,80,32.09938980217108,4.082095993155038,6.740751700689722,27,8,0,0,0
tourist_1,2025-08-12 05:36:37.357606,1,5,Itanagar,False,normal,78,0.09418163871523111,4.990487487264194,0,1,0,80,24.81445755068097,4.427598943370128,4.551461152297935,9,198,0,0,0
tourist_1,2025-08-12 06:36:37.357606,1,6,Itanagar,False,normal,20,0.039377143179699405,4.279000349752156,0,3,1,85,32.528853185016914,4.389725800026069,9.370130895731727,13,184,0,0,0
tourist_1,2025-08-12 07:36:37.357606,1,7,Itanagar,False,normal,37,0.015864954369222663,3.5105543118598064,0,3,1,73,38.12939567439926,4.831865024067213,5.25471518694895,18,144,0,0,0
tourist_1,2025-08-12 08:36:37.357606,1,8,Itanagar,False,normal,743,0.8232925428664013,6.371754447301427,1,10,2,83,35.79887978870174,4.332437277072958,7.266598626293049,19,60,0,0,0
tourist_1,2025-08-12 09:36:37.357606,1,9,Itanagar,False,normal,497,0.9374207166672889,4.427648088730288,5,12,2,83,36.16003226287603,5.933019990091699,7.0826958917010625,17,16,0,0,0
tourist_1,2025-08-12 10:36:37.357606,1,10,Itanagar,False,normal,577,1.6644744629826072,6.777469560725149,2,10,1,88,22.56711395676946,5.893966979540105,8.588667803482474,13,39,0,0,0
tourist_1,2025-08-12 11:36:37.357606,1,11,Itanagar,False,normal,364,1.6354586904538189,5.923825258787938,5,12,2,76,25.934069185148108,4.764243936406469,3.344301300131608,27,79,0,0,0
tourist_1,2025-08-12 12:36:37.357606,1,12,Itanagar,False,normal,396,2.0277817556140416,4.801758925859749,1,10,0,80,32.452999899657065,5.40460988494619,5.280504727934244,3,62,0,0,0
tourist_1,2025-08-12 13:36:37.357606,1,13,Itanagar,False,normal,242,1.3685741613716909,4.030614671450342,1,10,1,83,23.440833850876047,5.943272565817722,6.669283228777893,19,168,0,0,0
tourist_1,2025-08-12 14:36:37.357606,1,14,Itanagar,False,normal,442,2.136161210053117,4.384055085856752,4,9,0,79,23.416534282351314,5.294500756141078,7.073304560643044,23,102,0,0,0
tourist_1,2025-08-12 15:36:37.357606,1,15,Itanagar,False,normal,223,2.0387099513316427,3.9039939414820397,3,18,1,89,23.19449095642955,4.708495843642422,4.347086448980789,9,190,0,0,0
tourist_1,2025-08-12 16:36:37.357606,1,16,Itanagar,False,normal,651,1.7644245316508549,7.203630432165395,5,11,0,86,23.373348151503965,4.4958434454238185,8.213998420766849,3,77,0,0,0
tourist_1,2025-08-12 17:36:37.357606,1,17,Itanagar,False,normal,381,2.25197890058739,5.280958302807034,4,17,0,87,32.75415104637979,3.6952209500874433,7.342872753907845,29,183,0,0,0
tourist_1,2025-08-12 18:36:37.357606,1,18,Itanagar,False,normal,9,0.1581153188172758,6.266722615123841,0,2,2,79,25.320272182832618,5.8960930589915215,7.321326177046968,6,2,0,0,0
tourist_1,2025-08-12 19:36:37.357606,1,19,Itanagar,False,normal,84,0.1423524646400685,3.8491650235669814,0,0,1,86,26.049873974490247,4.464827300705102,4.298592256414928,10,129,0,0,0
tourist_1,2025-08-12 20:36:37.357606,1,20,Itanagar,False,normal,9,0.08721271536430504,5.297552202174213,0,2,0,84,32.742186341345295,3.4242725208043923,5.338991395315149,14,191,0,0,0
tourist_1,2025-08-12 21:36:37.357606,1,21,Itanagar,False,normal,93,0.093553830460754,6.294379011385788,0,2,0,85,29.596601425242895,4.052356132255795,8.957985169224086,7,91,0,0,0
tourist_1,2025-08-12 22:36:37.357606,1,22,Itanagar,False,normal,89,0.05089912901431002,4.781506310644193,0,0,0,70,32.87845130468541,4.040262096543312,8.837158301111078,14,99,0,0,0
tourist_1,2025-08-12 23:36:37.357606,1,23,Itanagar,False,normal,19,0.03567706531326853,6.147631531498951,0,1,2,80,24.13974102156264,4.359349826480726,4.005486434042646,24,172,0,0,0
tourist_2,2025-08-11 00:36:37.357606,0,0,Tawang,False,normal,46,0.16718137991432558,2.3785374865663247,0,3,4,90,20.1131939451168,5.763263096607287,9.886297854210756,7,172,0,0,0
tourist_2,2025-08-11 01:36:37.357606,0,1,Tawang,False,normal,76,0.04591400795395067,2.099633853953507,0,2,4,89,26.406439985265326,5.133806370282346,7.568136954782681,10,116,0,0,0
tourist_2,2025-08-11 02:36:37.357606,0,2,Tawang,False,normal,85,0.010831334050646336,3.8425060106502276,0,0,3,74,36.06837306482568,3.547022681493998,4.276115482211621,24,167,0,0,0
tourist_2,2025-08-11 03:36:37.357606,0,3,Tawang,False,normal,20,0.04839058895511925,3.083928963999539,0,1,2,90,25.530178514604028,4.203932282635465,6.320887717559786,12,144,0,0,0
tourist_2,2025-08-11 04:36:37.357606,0,4,Tawang,False,normal,53,0.051929202636586846,4.105160087843923,0,2,2,72,24.643750450101727,5.306962373215543,9.997538362027974,9,23,0,0,0
tourist_2,2025-08-11 05:36:37.357606,0,5,Tawang,False,normal,46,0.03358769262503663,1.4852174670516425,0,3,3,84,30.86921106922975,4.444021350573248,3.2819571821960776,7,37,0,0,0
tourist_2,2025-08-11 06:36:37.357606,0,6,Tawang,False,normal,59,0.15369344864490933,4.17537003404261,0,1,1,86,29.88648892055816,5.728535835257714,7.348208292333048,19,95,0,0,0
tourist_2,2025-08-11 07:36:37.357606,0,7,Tawang,False,normal,16,0.18956409870538576,6.061409325841407,0,1,1,72,21.448053793683517,4.613584768119466,6.3619675693116875,20,127,0,0,0
tourist_2,2025-08-11 08:36:37.357606,0,8,Tawang,False,normal,37,0.12762479325008344,3.438479417140611,0,1,3,82,36.11606264528396,4.94658883360345,6.6146591257707845,6,49,0,0,0
tourist_2,2025-08-11 09:36:37.357606,0,9,Tawang,False,normal,4,0.13273702811842528,3.497247527481933,0,1,3,78,37.21649176932196,3.8608093441344375,6.772069072235327,12,82,0,0,0
tourist_2,2025-08-11 10:36:37.357606,0,10,Tawang,False,normal,329,1.1181593640265777,3.6426548832107706,1,16,2,81,22.127125653168868,4.31407150300626,3.3932160212610625,24,5,0,0,0
tourist_2,2025-08-11 11:36:37.357606,0,11,Tawang,False,normal,578,2.0352643236120542,1.6011296877803043,5,6,4,80,33.11457933579247,3.5138456590920764,4.371383389567955,24,77,0,0,0
tourist_2,2025-08-11 12:36:37.357606,0,12,Tawang,False,normal,621,1.1148948230372118,3.889252038262401,5,14,2,88,26.611478221668648,5.7676359969683375,7.084600522441597,24,173,0,0,0
tourist_2,2025-08-11 13:36:37.357606,0,13,Tawang,False,normal,460,2.777123101542052,1.8576956545561267,4,16,3,75,29.145230575959104,4.57268889393492,7.520552977398962,4,163,0,0,0
tourist_2,2025-08-11 14:36:37.357606,0,14,Tawang,False,normal,645,2.3509395802297037,3.0354258004482872,3,17,4,90,24.218982489286436,3.985617578591721,4.466609295860367,7,43,0,0,0
tourist_2,2025-08-11 15:36:37.357606,0,15,Tawang,False,normal,330,1.155242693564388,4.705974948175829,4,9,4,82,34.97338297819759,5.763813100877678,3.4469322053438782,20,151,0,0,0
tourist_2,2025-08-11 16:36:37.357606,0,16,Tawang,False,normal,432,2.889804495669829,2.727888442472015,2,12,1,85,26.826236298304487,3.611318230749431,5.741514547028894,17,16,0,0,0
tourist_2,2025-08-11 17:36:37.357606,0,17,Tawang,False,normal,750,2.937760239671434,3.9643543881394914,4,10,4,75,26.545814905383722,4.073316682916526,8.069672033844814,18,174,0,0,0
tourist_2,2025-08-11 18:36:37.357606,0,18,Tawang,False,normal,238,0.9627609766813406,4.475844452528462,4,15,4,73,20.3688416626604,3.0552887460206337,9.540600649005372,1,102,0,0,0
tourist_2,2025-08-11 19:36:37.357606,0,19,Tawang,False,normal,264,0.909289462786325,3.7418462546680913,1,9,3,90,23.807779532740547,3.766530481920578,4.328105108895777,7,113,0,0,0
tourist_2,2025-08-11 20:36:37.357606,0,20,Tawang,False,normal,2,0.007249701127427688,2.0921569284774835,0,1,4,80,31.05316179065379,5.077041376339904,8.148505946064004,15,189,0,0,0
tourist_2,2025-08-11 21:36:37.357606,0,21,Tawang,False,normal,61,0.1161778390203542,3.1306301232206777,0,1,1,83,22.1784125955966,3.190675102027761,8.197091336974069,27,169,0,0,0
tourist_2,2025-08-11 22:36:37.357606,0,22,Tawang,False,normal,9,0.028534321360696936,5.422516740960377,0,3,2,87,22.797969020766292,3.6688917036038227,4.1484901800447656,27,68,0,0,0
tourist_2,2025-08-11 23:36:37.357606,0,23,Tawang,False,normal,98,0.12480918214683218,1.4380596355746205,0,0,2,77,20.082981240952968,3.771347843989557,9.421991024462306,28,29,0,0,0
tourist_2,2025-08-12 00:36:37.360245,1,0,Aizawl,False,normal,1,0.16071986565509733,3.187319384705916,0,2,1,86,33.03036835684121,4.549306788960589,4.71662866751971,27,85,0,0,0
tourist_2,2025-08-12 01:36:37.360245,1,1,Aizawl,False,normal,59,0.17204085382551643,2.9109973270839835,0,1,4,85,20.774331997907552,5.347101638501005,3.3860196013401342,3,25,0,0,0
tourist_2,2025-08-12 02:36:37.360245,1,2,Aizawl,False,normal,60,0.07815002083323133,3.58385276166923,0,0,2,81,34.55370916493619,3.45797581514576,9.67497523046774,27,145,0,0,0
tourist_2,2025-08-12 03:36:37.360245,1,3,Aizawl,False,normal,20,0.12460909764553184,4.211321015759322,0,2,3,72,38.64397554673211,5.5915087188828885,3.1276139993758023,2,70,0,0,0
tourist_2,2025-08-12 04:36:37.360245,1,4,Aizawl,False,normal,64,0.01544603893434382,5.071796366594144,0,3,4,80,22.456441391456895,4.393766455404296,3.9651316514749495,19,137,0,0,0
tourist_2,2025-08-12 05:36:37.360245,1,5,Aizawl,False,normal,76,0.12338447020852512,3.1928730065629334,0,2,4,90,32.85589633431581,5.809679625374708,9.586568959220585,5,50,0,0,0
tourist_2,2025-08-12 06:36:37.360245,1,6,Aizawl,False,normal,99,0.04484546450299201,4.2754467285489115,0,3,3,72,21.8712236689321,5.626028199472188,4.736527898300556,12,60,0,0,0
tourist_2,2025-08-12 07:36:37.360245,1,7,Aizawl,False,normal,89,0.0778545637569968,3.9628455434372643,0,2,3,87,31.82907544806618,5.199572839277845,8.078178828164177,3,112,0,0,0
tourist_2,2025-08-12 08:36:37.360245,1,8,Aizawl,False,normal,87,0.025479227511284244,3.937452696443892,0,3,4,74,39.338017355073816,5.954579125219763,8.058943962301562,3,70,0,0,0
tourist_2,2025-08-12 09:36:37.360245,1,9,Aizawl,False,normal,17,0.1603650782225772,2.899181467045619,0,0,1,89,39.25584880092681,4.752303263530539,4.970845880844258,4,80,0,0,0
tourist_2,2025-08-12 10:36:37.360245,1,10,Aizawl,False,normal,647,1.239143324624626,2.4657839297961908,2,6,4,81,28.506392355603936,5.455790265596667,3.244243233155581,27,57,0,0,0
tourist_2,2025-08-12 11:36:37.360245,1,11,Aizawl,False,normal,501,1.654297789002237,2.3630622859513943,5,11,4,72,24.198636296076224,5.616847105602391,4.179200862241368,27,175,0,0,0
tourist_2,2025-08-12 12:36:37.360245,1,12,Aizawl,False,normal,507,0.8285792900914425,2.706668189172968,2,14,1,82,27.12983501286882,3.706177273795283,9.657229603141392,26,114,0,0,0
tourist_2,2025-08-12 13:36:37.360245,1,13,Aizawl,False,normal,362,0.5194688754148004,3.784791974438318,5,5,2,84,28.716700400566843,5.441487959687043,5.185492762147582,24,199,0,0,0
tourist_2,2025-08-12 14:36:37.360245,1,14,Aizawl,False,normal,257,2.314996672693466,4.224054791700421,2,19,2,70,37.10357055661875,4.092835358378818,8.894875875007546,4,108,0,0,0
tourist_2,2025-08-12 15:36:37.360245,1,15,Aizawl,False,normal,788,0.660615745809019,3.7865742464289864,4,10,1,87,22.955313194234456,3.4357908407913103,9.738375592940724,17,140,0,0,0
tourist_2,2025-08-12 16:36:37.360245,1,16,Aizawl,False,normal,747,2.5947005696259353,2.9141503023763504,1,6,1,77,29.29761468563987,4.437409639404133,8.743902948715586,30,197,0,0,0
tourist_2,2025-08-12 17:36:37.360245,1,17,Aizawl,False,normal,739,1.779505516564232,5.269075508504566,2,18,4,73,20.495438552654278,5.079474091037969,9.922411369065863,8,54,0,0,0
tourist_2,2025-08-12 18:36:37.360245,1,18,Aizawl,False,normal,592,2.0012263437992885,4.9819710222036315,3,5,2,75,24.00116203776812,3.8767409202316467,4.245940748578063,0,103,0,0,0
tourist_2,2025-08-12 19:36:37.360245,1,19,Aizawl,False,normal,342,1.28397399950624,3.109105285821918,4,19,3,74,36.05025904060983,5.308293772318885,8.617555171946655,15,179,0,0,0
tourist_2,2025-08-12 20:36:37.360245,1,20,Aizawl,False,normal,41,0.17602393340418088,2.6396739925864257,0,1,3,70,24.06388868350481,4.499823911999889,9.744491484931475,13,9,0,0,0
tourist_2,2025-08-12 21:36:37.360245,1,21,Aizawl,False,normal,97,0.17019289546514946,3.593320352730061,0,3,4,77,24.131871291214516,4.144549953648956,6.974976061743698,19,96,0,0,0
tourist_2,2025-08-12 22:36:37.360245,1,22,Aizawl,False,normal,44,0.02075353213217257,4.730404043626445,0,1,2,71,24.38885711510492,5.3367428592441,7.490625500544838,25,198,0,0,0
tourist_2,2025-08-12 23:36:37.360245,1,23,Aizawl,False,normal,67,0.1849640872230634,3.7958703758262087,0,1,2,78,28.247790677273294,5.263229630714066,8.23025372424708,5,149,0,0,0
tourist_3,2025-08-11 00:36:37.360245,0,0,Shillong,False,normal,41,0.13336547969576268,2.5872153980016233,0,3,2,88,37.07177539880907,4.70529440739229,9.693999925799073,24,126,0,0,0
tourist_3,2025-08-11 01:36:37.360245,0,1,Shillong,False,normal,49,0.030506233817934894,1.8185865708159532,0,1,0,83,33.43900950065028,4.089094971275384,9.30849660290271,1,179,0,0,0
tourist_3,2025-08-11 02:36:37.360245,0,2,Shillong,False,normal,0,0.181399264047458,2.4869375882938094,0,1,2,90,38.540880968097596,3.3026951824516493,5.170287211543711,11,150,0,0,0
tourist_3,2025-08-11 03:36:37.360245,0,3,Shillong,False,normal,96,0.053172778444067516,3.5752111445477173,0,1,1,87,23.37370314014322,4.4306697919454585,8.984217746882273,1,77,0,0,0
tourist_3,2025-08-11 04:36:37.360245,0,4,Shillong,False,normal,36,0.056830736084601235,1.7909979116138681,0,0,2,72,30.808521965126506,4.07235254486959,3.5967861235312824,8,18,0,0,0
tourist_3,2025-08-11 05:36:37.360245,0,5,Shillong,False,normal,69,0.04347853816061951,2.1739744255994515,0,3,2,71,22.547189039582094,3.795634855712831,5.351097157789987,13,69,0,0,0
tourist_3,2025-08-11 06:36:37.360245,0,6,Shillong,False,normal,384,1.8957604428830948,2.2844831696412062,2,19,1,77,20.386686201240952,5.765951833211123,5.908206666445238,15,13,0,0,0
tourist_3,2025-08-11 07:36:37.360245,0,7,Shillong,False,normal,546,1.2116779409264529,2.314392048862616,1,11,1,74,37.89726058092076,4.096887246384531,5.491585281472227,10,140,0,0,0
tourist_3,2025-08-11 08:36:37.360245,0,8,Shillong,False,normal,572,2.673868838667468,0.6187778170203515,1,8,2,90,38.089636800526094,3.5347245612546887,9.839460002506906,8,48,0,0,0
tourist_3,2025-08-11 09:36:37.360245,0,9,Shillong,False,normal,724,2.254862392970035,0.15379803721768437,2,20,1,87,35.000291892811724,4.6838713484774885,7.001513701478073,27,82,0,0,0
tourist_3,2025-08-11 10:36:37.360245,0,10,Shillong,False,normal,704,2.409610398368984,1.0110116221697396,3,18,2,81,35.15765391199993,4.465899575964487,3.394524612309777,19,165,0,0,0
tourist_3,2025-08-11 11:36:37.360245,0,11,Shillong,False,normal,303,2.7429010715156332,2.198608988493247,5,9,2,79,39.143965529916315,5.740676980323625,3.4805666500202426,9,30,0,0,0
tourist_3,2025-08-11 12:36:37.360245,0,12,Shillong,False,normal,15,0.03550033712298963,2.58452285909479,0,3,1,74,39.222177516473245,4.8837966925183665,7.931178975690883,20,170,0,0,0
tourist_3,2025-08-11 13:36:37.360245,0,13,Shillong,False,normal,27,0.07124714117834588,1.4999921333179547,0,3,0,90,28.632817574543616,5.118882211444987,9.699392303047684,5,131,0,0,0
tourist_3,2025-08-11 14:36:37.360245,0,14,Shillong,False,normal,30,0.01200191228247265,3.4079241759588856,0,1,2,75,23.591156906828562,4.935634792356392,3.029529057098698,30,140,0,0,0
tourist_3,2025-08-11 15:36:37.360245,0,15,Shillong,False,normal,20,0.1556861089451179,1.8874907187653918,0,1,1,71,30.746828426214208,5.463196051896364,4.646228874826901,25,97,0,0,0
tourist_3,2025-08-11 16:36:37.360245,0,16,Shillong,False,normal,44,0.03682218987021322,2.0509826913262033,0,0,0,83,38.53042352747644,5.577181946901822,3.865667020463897,8,156,0,0,0
tourist_3,2025-08-11 17:36:37.360245,0,17,Shillong,False,normal,8,0.15419835989804212,1.8367028225389164,0,0,0,87,34.62326476192396,3.265849322468375,4.080261116807735,28,193,0,0,0
tourist_3,2025-08-11 18:36:37.360245,0,18,Shillong,False,normal,90,0.08782102885808296,2.164693485838244,0,3,1,71,21.04500446146674,3.1964218906157313,4.163389288823042,27,99,0,0,0
tourist_3,2025-08-11 19:36:37.360245,0,19,Shillong,False,normal,98,0.16809902474150196,2.7351407671351824,0,1,0,86,35.163129547631016,5.439328821349177,9.180817589700077,19,13,0,0,0
tourist_3,2025-08-11 20:36:37.360245,0,20,Shillong,False,normal,51,0.09367807921708818,2.69632013100391,0,3,1,79,39.66585607710013,3.398019040096265,6.400707045259669,30,60,0,0,0
tourist_3,2025-08-11 21:36:37.360245,0,21,Shillong,False,normal,14,0.11978062677023747,1.1322437524819886,0,3,1,86,24.056444671818507,3.980391167526727,3.933394525033519,3,163,0,0,0
tourist_3,2025-08-11 22:36:37.360245,0,22,Shillong,False,normal,7,0.15075433518503462,3.5543304695701066,0,3,2,72,29.328550922726095,3.8152224839728133,5.605533981466294,23,125,0,0,0
tourist_3,2025-08-11 23:36:37.360245,0,23,Shillong,False,normal,72,0.18596498977564352,0.9356402356646614,0,2,0,75,28.308912725189256,5.215397865803967,5.630199120372884,14,133,0,0,0
tourist_3,2025-08-12 00:36:37.360245,1,0,Kohima,False,normal,65,0.09677441848787705,2.1098937071821915,0,1,2,85,26.7213041573214,4.131643610015207,4.932538197967953,7,51,0,0,0
tourist_3,2025-08-12 01:36:37.360245,1,1,Kohima,False,normal,98,0.015198144206628484,1.7562701195692263,0,1,2,87,26.826757278283758,5.792029713260118,9.963960483014876,29,109,0,0,0
tourist_3,2025-08-12 02:36:37.360245,1,2,Kohima,False,normal,92,0.007530405338926372,0.9816750157730916,0,1,1,80,21.240233034332764,4.358963818398938,5.154178773264507,12,132,0,0,0
tourist_3,2025-08-12 03:36:37.360245,1,3,Kohima,False,normal,17,0.06524593112493186,1.9555461051177474,0,2,2,74,33.17402375609491,3.3123297560376703,9.264962427805445,29,145,0,0,0
tourist_3,2025-08-12 04:36:37.360245,1,4,Kohima,False,normal,9,0.07196427430149364,1.2898529197991806,0,2,2,76,32.19154709791043,4.13676199720174,9.871795009470713,9,54,0,0,0
tourist_3,2025-08-12 05:36:37.360245,1,5,Kohima,False,normal,68,0.017148828941816685,2.103573936367631,0,2,0,82,25.43896534713909,5.480640647588826,9.978138668153054,1,24,0,0,0
tourist_3,2025-08-12 06:36:37.360245,1,6,Kohima,False,normal,325,1.058059245727922,2.433752654310946,4,6,0,74,27.588789411085607,5.791437409430408,7.329538035799155,29,81,0,0,0
tourist_3,2025-08-12 07:36:37.360245,1,7,Kohima,False,normal,638,0.7941811325003243,3.5025960620648506,1,5,2,87,23.88197856739936,4.028250992259726,9.443474493345851,8,185,0,0,0
tourist_3,2025-08-12 08:36:37.360245,1,8,Kohima,False,normal,582,1.3902544263409398,2.3380509117189936,3,18,2,84,25.349586981257275,3.206697509089559,8.468924894660066,9,12,0,0,0
tourist_3,2025-08-12 09:36:37.360245,1,9,Kohima,False,normal,405,2.1717956364457063,1.419441352786754,3,18,0,80,26.85113003506703,3.3958206201170484,3.97749865200315,19,87,0,0,0
tourist_3,2025-08-12 10:36:37.360245,1,10,Kohima,False,normal,516,0.9749996770447427,1.6390468823719773,4,19,2,78,36.328176984535546,4.667668920976446,8.898192334199432,16,91,0,0,0
tourist_3,2025-08-12 11:36:37.360245,1,11,Kohima,False,normal,460,2.658362127222662,2.1706447992061424,5,12,0,81,33.51948514844793,3.5243845537453615,8.682807253247757,1,38,0,0,0
tourist_3,2025-08-12 12:36:37.360245,1,12,Kohima,False,normal,82,0.006093824010222093,2.12412752255373,0,1,0,77,34.314383932177684,3.4809790423873657,8.661067116649416,23,59,0,0,0
tourist_3,2025-08-12 13:36:37.360245,1,13,Kohima,False,normal,68,0.17749588713768147,3.49025596132,0,0,0,89,39.025294261688565,5.4105096711942835,4.200331454745294,3,100,0,0,0
tourist_3,2025-08-12 14:36:37.360245,1,14,Kohima,False,normal,87,0.11836817446651673,3.426019622848534,0,1,1,75,36.85605094371148,5.682736741174656,6.3277436082258856,11,61,0,0,0
tourist_3,2025-08-12 15:36:37.360245,1,15,Kohima,False,normal,90,0.1391305522524505,1.6717307668493175,0,3,1,81,26.72097915593573,3.112472200231968,7.9169169226578475,20,129,0,0,0
tourist_3,2025-08-12 16:36:37.360245,1,16,Kohima,False,normal,35,0.11257481804046768,1.4820245649053807,0,3,1,71,37.77101851659747,5.070129355768195,8.566677784348247,10,175,0,0,0
tourist_3,2025-08-12 17:36:37.360245,1,17,Kohima,False,normal,48,0.14643170836288832,-0.5263879109762795,0,2,1,77,29.034332075762574,4.654209614557924,8.907713293160551,0,104,0,0,0
tourist_3,2025-08-12 18:36:37.360245,1,18,Kohima,False,normal,90,0.004158323971921352,1.4817462797693588,0,1,1,70,29.530969522185973,4.9524737623931046,7.438609470353042,29,42,0,0,0
tourist_3,2025-08-12 19:36:37.360245,1,19,Kohima,False,normal,53,0.12635906898461527,1.0526089870072952,0,3,2,81,34.14707789050307,5.439854864612502,6.322521624979375,30,92,0,0,0
tourist_3,2025-08-12 20:36:37.360245,1,20,Kohima,False,normal,100,0.06697304453364453,1.67584223499676,0,2,2,80,30.902406322798104,4.566737635614718,9.078145349907452,21,97,0,0,0
tourist_3,2025-08-12 21:36:37.360245,1,21,Kohima,False,normal,96,0.039359640705881785,2.42225093544169,0,1,2,89,20.589767059049404,5.950073231425468,9.528163572886559,26,81,0,0,0
tourist_3,2025-08-12 22:36:37.360245,1,22,Kohima,False,normal,12,0.15560275556928058,2.2078590222905667,0,3,2,78,39.95816899037049,5.941107051411541,5.089910322842908,24,146,0,0,0
tourist_3,2025-08-12 23:36:37.360245,1,23,Kohima,False,normal,13,0.052381219889177745,2.0006986860440366,0,1,2,78,36.6313915488583,3.0135922836209255,4.813023074620041,2,141,0,0,0
tourist_4,2025-08-11 00:36:37.360245,0,0,Tawang,False,normal,53,0.13228921456088258,3.068297257349568,0,2,2,90,22.68893652757393,3.6105074956345495,4.771865720486989,2,177,0,0,0
tourist_4,2025-08-11 01:36:37.360245,0,1,Tawang,False,normal,45,0.15611460509518707,2.742597373030063,0,0,4,89,26.490581555629674,4.886703486236999,7.087617778220006,19,55,0,0,0
tourist_4,2025-08-11 02:36:37.360245,0,2,Tawang,False,normal,82,0.06488406050866083,3.0657340788045304,0,1,3,72,32.78488903253239,3.8746482117913703,8.187186241443316,13,189,0,0,0
tourist_4,2025-08-11 03:36:37.360245,0,3,Tawang,False,normal,29,0.05276352862331975,-0.36233986165825804,0,1,1,81,30.047567183932166,3.7971976982222864,7.210445045466576,9,57,0,0,0
tourist_4,2025-08-11 04:36:37.360245,0,4,Tawang,False,normal,40,0.017126648326964467,2.5994216565103,0,3,1,79,22.89055167264076,3.1691363584314454,5.812049616519843,15,24,0,0,0
tourist_4,2025-08-11 05:36:37.360245,0,5,Tawang,False,normal,82,0.14383259675820312,2.757864425208047,0,1,4,82,21.47271515022438,3.5709317889007837,6.9765524048334555,11,103,0,0,0
tourist_4,2025-08-11 06:36:37.360245,0,6,Tawang,False,normal,9,0.10963006645789149,2.5274534300544684,0,3,4,85,37.665670302622104,5.242674504600029,8.169020723243042,7,109,0,0,0
tourist_4,2025-08-11 07:36:37.360245,0,7,Tawang,False,normal,98,0.15463262456573426,2.6507688841581123,0,2,4,85,21.485394349310322,4.179851229799427,5.0392141158649615,4,182,0,0,0
tourist_4,2025-08-11 08:36:37.360245,0,8,Tawang,False,normal,650,2.1040006932396325,3.5720252640677845,4,20,3,70,29.174593021138364,4.822210494741022,5.013868036986474,25,145,0,0,0
tourist_4,2025-08-11 09:36:37.360245,0,9,Tawang,False,normal,312,1.333819850856412,2.270609814920229,1,13,1,71,20.47618175673999,5.071407037463931,5.162404363674378,6,136,0,0,0
tourist_4,2025-08-11 10:36:37.360245,0,10,Tawang,False,normal,302,0.8657979817740037,5.069417245478182,5,6,2,84,32.65543626040812,4.382187038372264,9.093736304117478,26,30,0,0,0
tourist_4,2025-08-11 11:36:37.360245,0,11,Tawang,False,normal,578,1.6019229871787628,3.5570120764831428,2,7,1,77,37.99360837335247,3.104235710285603,5.366114826483602,5,191,0,0,0
tourist_4,2025-08-11 12:36:37.360245,0,12,Tawang,False,normal,205,1.1732881601297735,2.8624078953471823,1,11,3,72,25.87015040177525,5.970232036008032,3.652134163329314,6,171,0,0,0
tourist_4,2025-08-11 13:36:37.360245,0,13,Tawang,False,normal,542,2.3985099112482238,2.6620528430634876,4,19,4,76,35.77469096811671,3.887695091537905,8.871063855769254,19,58,0,0,0
tourist_4,2025-08-11 14:36:37.360245,0,14,Tawang,False,normal,491,0.687672919411821,2.782192859878919,1,18,4,83,36.56056298722384,5.638964321093045,6.044210001923641,11,102,0,0,0
tourist_4,2025-08-11 15:36:37.360245,0,15,Tawang,False,normal,547,1.9646445066815694,1.9534080763170756,4,10,4,78,27.72628288897022,3.943038582406692,5.3355487540633675,12,95,0,0,0
tourist_4,2025-08-11 16:36:37.360245,0,16,Tawang,False,normal,478,2.995924593108257,2.773512607003045,4,10,2,73,37.18244141157663,5.61449761044643,3.9701766054185423,7,43,0,0,0
tourist_4,2025-08-11 17:36:37.360245,0,17,Tawang,False,normal,689,1.3516862167199362,3.1473986629881088,2,20,3,78,29.933585864076804,3.6761678360730805,8.416915924407178,27,86,0,0,0
tourist_4,2025-08-11 18:36:37.360245,0,18,Tawang,False,normal,60,0.1611994364628654,3.448256761834284,0,0,3,89,36.790324572660445,3.362675264379588,7.013414248969135,7,134,0,0,0
tourist_4,2025-08-11 19:36:37.360245,0,19,Tawang,False,normal,76,0.04702977247423892,3.448404925405388,0,1,2,77,34.38080153193559,3.222818249345692,8.904119959996889,15,3,0,0,0
tourist_4,2025-08-11 20:36:37.360245,0,20,Tawang,False,normal,72,0.1610931523734021,2.5938375996951195,0,3,3,74,33.32808147712679,3.769715857757536,9.58111702165234,22,84,0,0,0
tourist_4,2025-08-11 21:36:37.360245,0,21,Tawang,False,normal,45,0.04905391830717598,1.452632893739124,0,0,4,78,32.618622671958434,4.1249314744149554,6.4787082620925736,18,71,0,0,0
tourist_4,2025-08-11 22:36:37.360245,0,22,Tawang,False,normal,78,0.1389858158588197,2.1996125200276087,0,1,3,73,22.20594770099083,4.448747248238206,9.831068702138113,16,140,0,0,0
tourist_4,2025-08-11 23:36:37.360245,0,23,Tawang,False,normal,94,0.159181480577059,4.480908189073443,0,1,2,88,36.86958167372757,4.920578842581715,8.025766024892874,19,195,0,0,0
tourist_4,2025-08-12 00:36:37.360245,1,0,Tawang,False,normal,82,0.0025204821714892136,3.764773459671002,0,1,4,84,26.922415797288004,3.462557035138553,3.528418388997631,9,33,0,0,0
tourist_4,2025-08-12 01:36:37.360245,1,1,Tawang,False,normal,71,0.13890850196817925,3.2383347325652285,0,2,4,77,28.346946387975564,5.4095747771916365,8.316118426623827,30,62,0,0,0
tourist_4,2025-08-12 02:36:37.360245,1,2,Tawang,False,normal,34,0.12699103196738415,2.10742090150093,0,0,1,80,30.610267811157275,3.2029929994223814,8.426649021433434,27,64,0,0,0
tourist_4,2025-08-12 03:36:37.360245,1,3,Tawang,False,normal,77,0.0027692582205789632,2.872360301234832,0,0,1,90,23.50984970649553,4.992737227640405,8.154730909536823,26,102,0,0,0
tourist_4,2025-08-12 04:36:37.360245,1,4,Tawang,False,normal,34,0.12199347344872631,1.6130464605985724,0,2,1,80,34.32850070873158,3.8526420323367883,3.0808736284182356,27,167,0,0,0
tourist_4,2025-08-12 05:36:37.360245,1,5,Tawang,False,normal,100,0.027828226046871164,2.3167782705649804,0,0,4,77,37.24809556183881,5.4845984568439725,3.9148863363255155,26,98,0,0,0
tourist_4,2025-08-12 06:36:37.360245,1,6,Tawang,False,normal,45,0.0425527000332989,2.6235118045758594,0,1,2,89,30.33809125268656,4.845122578883068,5.684465371810319,24,141,0,0,0
tourist_4,2025-08-12 07:36:37.360245,1,7,Tawang,False,normal,4,0.14510890031896714,2.5070752143958415,0,2,1,83,22.34581231616192,4.987467314808732,8.323524348942064,7,174,0,0,0
tourist_4,2025-08-12 08:36:37.360245,1,8,Tawang,False,normal,599,2.3015750431492448,3.825317077317066,5,12,1,78,28.887513321682533,5.341862726622878,4.275121223133299,18,64,0,0,0
tourist_4,2025-08-12 09:36:37.360245,1,9,Tawang,False,normal,533,2.093676400834238,1.4499892322256018,2,13,2,70,37.31671225079893,4.390720101319457,9.383575245363955,29,52,0,0,0
tourist_4,2025-08-12 10:36:37.360245,1,10,Tawang,False,normal,685,2.7062388080158883,2.0032828747459,1,14,3,83,23.84500506314395,4.6792697544193125,7.4705893840019515,25,56,0,0,0
tourist_4,2025-08-12 11:36:37.360245,1,11,Tawang,False,normal,702,2.3056617641829487,1.494027175238835,2,5,2,76,24.518971015542505,4.752917028853881,4.645266307363821,19,19,0,0,0
tourist_4,2025-08-12 12:36:37.360245,1,12,Tawang,False,normal,723,2.1233204359235467,1.6313619335732004,1,6,2,85,33.95562633634415,5.17248151595245,3.7906427103753595,9,7,0,0,0
tourist_4,2025-08-12 13:36:37.360245,1,13,Tawang,False,normal,352,1.1637597450855899,2.992771042707703,2,12,4,83,29.61651551918976,4.63096968871632,3.680508265037111,15,178,0,0,0
tourist_4,2025-08-12 14:36:37.360245,1,14,Tawang,False,normal,579,2.4432809311636987,1.2682746132047826,4,8,1,78,35.85016335614124,4.536511298742342,8.501500327940422,22,1,0,0,0
tourist_4,2025-08-12 15:36:37.360245,1,15,Tawang,False,normal,619,2.382991104976485,3.622583925098691,2,12,2,73,30.066892675951642,5.376602007456067,5.871326544474568,22,75,0,0,0
tourist_4,2025-08-12 16:36:37.360245,1,16,Tawang,False,normal,555,0.6939089618658327,2.6218993693199786,5,15,4,73,24.270852490468457,3.86351189732021,8.534358916062033,5,33,0,0,0
tourist_4,2025-08-12 17:36:37.360245,1,17,Tawang,False,normal,323,2.4858692133641327,2.9375034787870318,3,19,2,83,30.583946708241584,3.26881519949818,3.9141016605773107,4,139,0,0,0
tourist_4,2025-08-12 18:36:37.360245,1,18,Tawang,False,normal,50,0.09616965348922231,3.1912918842582583,0,0,4,70,28.993529686196236,5.814580236810892,3.867943919336347,12,14,0,0,0
tourist_4,2025-08-12 19:36:37.360245,1,19,Tawang,False,normal,71,0.1889075662514976,2.4345486260094633,0,2,1,77,30.111129011306673,3.448314578421368,7.135514520362189,15,33,0,0,0
tourist_4,2025-08-12 20:36:37.360245,1,20,Tawang,False,normal,72,0.14310178536181214,3.9011948620144317,0,3,2,74,24.46687166695781,5.98801733564107,4.662201314304119,16,199,0,0,0
tourist_4,2025-08-12 21:36:37.360245,1,21,Tawang,False,normal,38,0.1174037479935206,2.674372419533419,0,1,1,75,21.9130875474573,3.640460397707932,3.5687097723599543,1,114,0,0,0
tourist_4,2025-08-12 22:36:37.360245,1,22,Tawang,False,normal,80,0.1875141533702297,3.462785401500124,0,0,4,76,32.31958933062312,3.5809318449468797,6.768014803006736,23,181,0,0,0
tourist_4,2025-08-12 23:36:37.360245,1,23,Tawang,False,normal,7,0.009630987092704536,2.669602763503802,0,0,3,81,37.179892618730435,4.493534426484814,4.11263007047844,25,188,0,0,0
tourist_5,2025-08-11 00:36:37.361255,0,0,Gangtok,False,normal,56,0.08087047177785776,4.600763691471542,0,2,1,89,37.441777290676804,3.297188971593725,6.518082466179502,17,139,0,0,0
tourist_5,2025-08-11 01:36:37.361255,0,1,Gangtok,False,normal,30,0.07567834302382337,4.589551974204579,0,2,0,82,26.829830835648885,5.521342901653956,3.4070188679734086,22,54,0,0,0
tourist_5,2025-08-11 02:36:37.361255,0,2,Gangtok,False,normal,39,0.1671560550302328,4.559859243502149,0,2,1,80,35.84782073682534,4.641827109846072,3.0329560324709024,1,9,0,0,0
tourist_5,2025-08-11 03:36:37.361255,0,3,Gangtok,False,normal,72,0.15412183993514872,3.3355814544256988,0,0,2,73,34.17974045590606,4.572818018186119,5.572654795536938,18,35,0,0,0
tourist_5,2025-08-11 04:36:37.361255,0,4,Gangtok,False,normal,66,0.015192873993393731,4.7457650745940585,0,2,1,71,25.698819192687814,4.410250844373065,4.561325453714144,30,75,0,0,0
tourist_5,2025-08-11 05:36:37.361255,0,5,Gangtok,False,normal,56,0.0015928114548976913,3.990932314947022,0,3,1,85,24.24320832834246,5.877103711828699,5.809479986938291,19,145,0,0,0
tourist_5,2025-08-11 06:36:37.361255,0,6,Gangtok,False,normal,359,2.3944738185981627,4.940377334536536,3,16,0,86,39.77671562652295,5.5315491261352285,9.133713661734133,8,107,0,0,0
tourist_5,2025-08-11 07:36:37.361255,0,7,Gangtok,False,normal,325,2.017417798939171,2.157395859634314,3,17,0,74,29.458204719864085,5.345159936989047,8.856085179200658,2,10,0,0,0
tourist_5,2025-08-11 08:36:37.361255,0,8,Gangtok,False,normal,512,2.893875521034727,2.8447730819916672,4,20,1,89,26.36537488623296,4.378391511435188,8.778820222749797,5,132,0,0,0
tourist_5,2025-08-11 09:36:37.361255,0,9,Gangtok,False,normal,439,2.5875688202112204,4.673334866181647,2,5,0,71,39.19489890160078,3.958008643990607,3.3620458947098673,24,102,0,0,0
tourist_5,2025-08-11 10:36:37.361255,0,10,Gangtok,False,normal,688,1.3970011660879937,6.1728168891518465,3,13,1,86,30.652601317611648,3.012865698420433,4.643097254225459,4,192,0,0,0
tourist_5,2025-08-11 11:36:37.361255,0,11,Gangtok,False,normal,371,0.8129124002638928,5.144948050857855,4,5,0,74,36.5878598130663,3.9121464536664012,5.794987496554787,9,22,0,0,0
tourist_5,2025-08-11 12:36:37.361255,0,12,Gangtok,False,normal,1,0.14241162126757048,3.6274383698466375,0,2,1,73,35.87321383388465,4.628246444033139,7.265963188462688,29,106,0,0,0
tourist_5,2025-08-11 13:36:37.361255,0,13,Gangtok,False,normal,34,0.10254168454782726,2.6178368886686623,0,0,0,90,27.295031951975634,3.5891376425408827,6.465993675082039,16,175,0,0,0
tourist_5,2025-08-11 14:36:37.361255,0,14,Gangtok,False,normal,47,0.00620316904619318,5.052575525208237,0,0,1,74,21.859682489897317,5.335639064293762,5.9619405149078535,3,32,0,0,0
tourist_5,2025-08-11 15:36:37.361255,0,15,Gangtok,False,normal,99,0.08939573432248496,4.229306082003667,0,2,2,84,20.30949522615055,4.380958564091683,6.460178107880946,21,19,0,0,0
tourist_5,2025-08-11 16:36:37.361255,0,16,Gangtok,False,normal,0,0.1360414635062842,4.900593521941003,0,1,2,90,22.145458165942934,5.950711637087725,4.53695880278113,2,78,0,0,0
tourist_5,2025-08-11 17:36:37.361255,0,17,Gangtok,False,normal,51,0.04487193854997693,4.425188026257409,0,3,0,73,28.848842579366774,3.3338460049455136,9.55942057349224,14,164,0,0,0
tourist_5,2025-08-11 18:36:37.361255,0,18,Gangtok,False,normal,89,0.040384137875170235,4.339532229167113,0,1,0,89,21.989026365834576,4.146972813193411,8.424108254441014,17,178,0,0,0
tourist_5,2025-08-11 19:36:37.361255,0,19,Gangtok,False,normal,98,0.17615115230370912,7.268514749939794,0,0,2,78,39.250777801216856,3.111487271985023,3.883961874455808,27,74,0,0,0
tourist_5,2025-08-11 20:36:37.361255,0,20,Gangtok,False,normal,85,0.18300780835525374,4.3037593430010395,0,1,1,87,25.98496728312142,5.748460581297975,9.27570356475448,0,169,0,0,0
tourist_5,2025-08-11 21:36:37.361255,0,21,Gangtok,False,normal,20,0.1848832800156024,4.150644094793353,0,2,0,89,24.19236604584932,4.246099726201532,6.257673991925165,9,175,0,0,0
tourist_5,2025-08-11 22:36:37.361255,0,22,Gangtok,False,normal,71,0.013169958712562836,4.188440628642596,0,0,2,80,25.01536144573585,5.749222505640475,5.711021020227029,22,5,0,0,0
tourist_5,2025-08-11 23:36:37.361255,0,23,Gangtok,False,normal,8,0.023462610934839992,3.7263525873389614,0,2,1,72,36.930819926285395,5.020770178321298,9.973111825321059,19,7,0,0,0
tourist_5,2025-08-12 00:36:37.361255,1,0,Shillong,False,normal,63,0.023923345312325185,5.300022198761931,0,2,0,84,20.38166162661574,4.421788627874253,8.744740579849053,29,103,0,0,0
tourist_5,2025-08-12 01:36:37.361255,1,1,Shillong,False,normal,100,0.07602244617828509,3.956134970265269,0,3,2,76,34.15974752460974,5.5136777853627255,4.977092346922364,4,130,0,0,0
tourist_5,2025-08-12 02:36:37.361255,1,2,Shillong,False,normal,40,0.06489114272892922,4.945832009691207,0,1,1,80,26.015286563207855,3.4370026005728516,8.615608996915965,10,35,0,0,0
tourist_5,2025-08-12 03:36:37.361255,1,3,Shillong,False,normal,5,0.01436336042905424,4.594492333860175,0,3,2,77,31.35243722861815,3.041099500932862,7.862403204178884,12,6,0,0,0
tourist_5,2025-08-12 04:36:37.361255,1,4,Shillong,False,normal,52,0.17466271842272418,5.528875166179045,0,3,0,85,22.28306453103968,5.22786245986393,8.212654494153862,0,29,0,0,0
tourist_5,2025-08-12 05:36:37.361255,1,5,Shillong,False,normal,48,0.003092584359796136,4.730068901034979,0,1,1,82,32.95092288626904,4.0027459182898495,6.260597862357148,29,139,0,0,0
tourist_5,2025-08-12 06:36:37.361255,1,6,Shillong,False,normal,428,1.819572132073775,3.0965045230989707,4,18,1,84,33.174930453335904,5.584593362119239,7.206021064173465,0,40,0,0,0
tourist_5,2025-08-12 07:36:37.361255,1,7,Shillong,False,normal,597,0.9323085708563884,2.9834015189926775,1,13,1,73,31.63200367340807,5.088625660585613,7.14676544871354,26,6,0,0,0
tourist_5,2025-08-12 08:36:37.361255,1,8,Shillong,False,normal,246,2.201826252118761,5.718258450123519,1,12,2,73,37.487299853988866,3.9695084172936665,4.3309482614290635,15,66,0,0,0
tourist_5,2025-08-12 09:36:37.361255,1,9,Shillong,False,normal,295,1.7357747740885394,3.7011785007821763,2,18,2,73,35.928720818778686,4.467545587634717,4.743470685512225,1,63,0,0,0
tourist_5,2025-08-12 10:36:37.361255,1,10,Shillong,False,normal,394,1.5190446604261023,2.9892867242569663,4,19,2,72,23.835844784791025,4.7299155007814715,6.855235583139561,15,15,0,0,0
tourist_5,2025-08-12 11:36:37.361255,1,11,Shillong,False,normal,575,1.8285760488208398,3.64027070417686,2,14,1,80,22.986948210932653,4.7348481419981505,6.364354000768072,9,119,0,0,0
tourist_5,2025-08-12 12:36:37.361255,1,12,Shillong,False,normal,34,0.05702012398782912,5.574514591014625,0,3,0,71,24.652980349007322,3.201596085672538,8.263535230515226,8,44,0,0,0
tourist_5,2025-08-12 13:36:37.361255,1,13,Shillong,False,normal,90,0.1891900708669002,2.889676305098106,0,3,2,79,23.008464804910236,3.0034867001191117,7.997170225885412,9,134,0,0,0
tourist_5,2025-08-12 14:36:37.361255,1,14,Shillong,False,normal,46,0.179327140337184,3.4433941002870085,0,1,0,80,39.168272229087286,3.902835415372626,6.255962783081655,8,127,0,0,0
tourist_5,2025-08-12 15:36:37.361255,1,15,Shillong,False,normal,12,0.03564411222610377,3.6430817952500987,0,2,2,74,22.76206982028912,3.1920341482647263,7.624916448366905,10,45,0,0,0
tourist_5,2025-08-12 16:36:37.361255,1,16,Shillong,False,normal,23,0.1926702752031184,3.058699430573423,0,0,1,83,26.32647828587612,3.637227925198301,4.4126361476132505,6,94,0,0,0
tourist_5,2025-08-12 17:36:37.361255,1,17,Shillong,False,normal,37,0.02910169841043564,3.1255619655349545,0,0,2,73,22.721308468006104,3.5287558074927263,3.6243662732207937,28,124,0,0,0
tourist_5,2025-08-12 18:36:37.361255,1,18,Shillong,False,normal,89,0.03332646623066704,2.7917813287829594,0,3,0,88,35.53728487708292,4.272695185641987,5.014336410245674,22,152,0,0,0
tourist_5,2025-08-12 19:36:37.361255,1,19,Shillong,False,normal,100,0.08917107737802042,3.8487018909098962,0,3,0,79,38.45982749125665,3.770277158840013,7.098647917081301,24,142,0,0,0
tourist_5,2025-08-12 20:36:37.361255,1,20,Shillong,False,normal,25,0.19469416807996529,3.9549804723065334,0,2,0,75,38.11966866095091,4.38578566622115,7.200632152064434,14,90,0,0,0
tourist_5,2025-08-12 21:36:37.361255,1,21,Shillong,False,normal,19,0.19006473114042127,3.6273511498433124,0,2,1,78,34.45198024361965,4.107149724040623,6.782271058368488,13,18,0,0,0
tourist_5,2025-08-12 22:36:37.361255,1,22,Shillong,False,normal,59,0.058539228295149306,2.656191465078977,0,2,1,72,23.61062486606159,3.131032465779379,5.843877915492648,29,173,0,0,0
tourist_5,2025-08-12 23:36:37.361255,1,23,Shillong,False,normal,30,0.1365578272633071,5.563225250902613,0,2,2,73,23.088539916835924,3.6780096929858708,7.829965921921043,2,30,0,0,0
tourist_6,2025-08-11 00:36:37.361255,0,0,Gangtok,False,normal,14,0.19865590339611333,5.633314173574823,0,3,0,89,36.56248154820962,4.025149916341261,9.203265356030535,23,30,0,0,0
tourist_6,2025-08-11 01:36:37.361255,0,1,Gangtok,False,normal,48,0.09229550823336458,7.240426714769854,0,3,2,72,36.185530039369944,3.8677856097526933,7.202732542321508,9,65,0,0,0
tourist_6,2025-08-11 02:36:37.361255,0,2,Gangtok,False,normal,95,0.09717214732593585,5.887626409628108,0,3,1,70,30.824289924000254,4.609769286505509,9.370259261563634,22,29,0,0,0
tourist_6,2025-08-11 03:36:37.361255,0,3,Gangtok,False,normal,39,0.003131677234428243,7.630709869488511,0,1,0,79,31.47260019489446,4.667129457348191,7.319710307244027,14,9,0,0,0
tourist_6,2025-08-11 04:36:37.361255,0,4,Gangtok,False,normal,72,0.13108526107547386,7.918225357914148,0,2,2,85,28.483280390834793,4.517692598304999,8.010884978047605,9,53,0,0,0
tourist_6,2025-08-11 05:36:37.361255,0,5,Gangtok,False,normal,75,0.0888403770900538,6.0847794161193285,0,0,2,70,29.078639438160838,4.4717113077058706,3.420166085087979,19,19,0,0,0
tourist_6,2025-08-11 06:36:37.361255,0,6,Gangtok,False,normal,24,0.19777811391853536,5.038677273049858,0,0,0,80,26.301876511033214,4.379499559474501,8.60637532826113,8,56,0,0,0
tourist_6,2025-08-11 07:36:37.361255,0,7,Gangtok,False,normal,92,0.12249142785365263,7.658180321886591,0,2,0,82,31.72256704540421,4.391837947336033,7.746022922070375,30,49,0,0,0
tourist_6,2025-08-11 08:36:37.361255,0,8,Gangtok,False,normal,18,0.10166016339113325,8.83819354946062,0,2,2,82,34.718895851860516,3.212934775560758,5.696442345232805,21,148,0,0,0
tourist_6,2025-08-11 09:36:37.361255,0,9,Gangtok,False,normal,43,0.05344420259546692,7.378087542639418,0,1,2,79,38.217624929054885,5.227129709525569,4.254716764037594,1,191,0,0,0
tourist_6,2025-08-11 10:36:37.361255,0,10,Gangtok,False,normal,571,2.9219421649163655,7.122937424226702,5,20,1,70,39.43988229484569,5.077993995124389,8.2675422504769,1,3,0,0,0
tourist_6,2025-08-11 11:36:37.361255,0,11,Gangtok,False,normal,707,1.5717940157681116,7.782153612357173,2,5,1,73,24.16054782322796,4.237697348824232,3.3513522801318576,2,52,0,0,0
tourist_6,2025-08-11 12:36:37.361255,0,12,Gangtok,False,normal,523,2.609933303004827,7.727447848744001,1,6,1,88,33.03143431267091,3.6152644789425095,5.36002040044727,16,96,0,0,0
tourist_6,2025-08-11 13:36:37.361255,0,13,Gangtok,False,normal,316,2.9529909259561005,6.133404168985973,2,16,2,88,35.681548369224956,4.719511840634181,9.561116717923603,24,4,0,0,0
tourist_6,2025-08-11 14:36:37.361255,0,14,Gangtok,False,normal,385,1.5942884015462992,6.303241692050336,2,10,2,72,26.996093840066123,4.711749298870343,4.407810300773877,4,74,0,0,0
tourist_6,2025-08-11 15:36:37.361255,0,15,Gangtok,False,normal,224,2.45815823433321,7.573516552802895,4,13,0,76,31.179754140473932,4.34174558543528,7.415205519309212,3,192,0,0,0
tourist_6,2025-08-11 16:36:37.361255,0,16,Gangtok,False,normal,629,0.5265846178399187,6.818379655266691,4,13,2,72,22.305202215346625,3.3129287735117243,9.54891066094321,9,187,0,0,0
tourist_6,2025-08-11 17:36:37.361255,0,17,Gangtok,False,normal,396,2.1134571972828384,8.278998598610535,5,12,0,76,39.73911677192589,3.3158815633989978,3.6822294638432727,17,174,0,0,0
tourist_6,2025-08-11 18:36:37.361255,0,18,Gangtok,False,normal,406,1.8484334475135118,6.258050855618225,4,8,0,89,30.103559820530243,5.836835158065038,3.0922683712660124,14,185,0,0,0
tourist_6,2025-08-11 19:36:37.361255,0,19,Gangtok,False,normal,742,2.9813885244598484,7.713002919615465,4,12,1,72,22.101621883848345,4.489654349666363,7.042567571686144,5,32,0,0,0
tourist_6,2025-08-11 20:36:37.361255,0,20,Gangtok,False,normal,48,0.07088890426443309,7.305030984116211,0,0,1,80,25.244541480827078,4.839306766296136,9.628956677453138,17,31,0,0,0
tourist_6,2025-08-11 21:36:37.361255,0,21,Gangtok,False,normal,62,0.19312215372200095,6.835955439037349,0,0,2,85,32.207283012629205,3.035392576817897,5.300484388693163,11,127,0,0,0
tourist_6,2025-08-11 22:36:37.361255,0,22,Gangtok,False,normal,54,0.099378447036687,8.13830377458159,0,1,0,80,37.187282288532344,3.505753609036613,3.702321344613649,9,60,0,0,0
tourist_6,2025-08-11 23:36:37.361255,0,23,Gangtok,False,normal,96,0.031317580106497926,7.642464535614414,0,3,0,83,26.157570647463768,3.772848022363098,4.821135118416757,8,119,0,0,0
tourist_6,2025-08-12 00:36:37.361255,1,0,Shillong,False,normal,72,0.08948081253061305,5.9574258493648795,0,1,1,86,26.64543507638901,5.387580935412955,4.935642999605751,22,197,0,0,0
tourist_6,2025-08-12 01:36:37.361255,1,1,Shillong,False,normal,53,0.029133346876427792,7.602611683166831,0,3,2,83,23.373897567834103,4.918126066667719,5.624676526719194,0,97,0,0,0
tourist_6,2025-08-12 02:36:37.361255,1,2,Shillong,False,normal,95,0.09821342220456092,8.337383634241183,0,0,2,78,20.722642286716265,5.191052046119868,6.151623949498537,21,14,0,0,0
tourist_6,2025-08-12 03:36:37.361255,1,3,Shillong,False,normal,16,0.06825928802047465,6.83194831376236,0,0,0,89,25.230535737763354,4.415545776270838,9.193765715062389,23,30,0,0,0
tourist_6,2025-08-12 04:36:37.361255,1,4,Shillong,False,normal,87,0.07281260631854468,6.71373715236201,0,3,2,89,39.24674699895074,4.486293784896976,3.6419606753211298,29,1,0,0,0
tourist_6,2025-08-12 05:36:37.361255,1,5,Shillong,False,normal,47,0.15008638230242055,6.292745855103459,0,3,2,84,32.14705714839733,4.376355238943339,3.7065126808875952,12,63,0,0,0
tourist_6,2025-08-12 06:36:37.361255,1,6,Shillong,False,normal,63,0.06551049416199484,6.948789117071633,0,0,1,85,32.39161019094949,4.5900319959696025,8.020784500102174,21,118,0,0,0
tourist_6,2025-08-12 07:36:37.361255,1,7,Shillong,False,normal,100,0.08243199894430811,7.6485936887998935,0,2,1,90,36.83952936646715,5.407711489413135,6.0971027706573935,16,36,0,0,0
tourist_6,2025-08-12 08:36:37.361255,1,8,Shillong,False,normal,12,0.10478222519116308,6.144724703168236,0,2,1,81,38.14649071367842,4.828008075868209,5.238605608931927,27,104,0,0,0
tourist_6,2025-08-12 09:36:37.361255,1,9,Shillong,False,normal,88,0.015363110542054172,5.616035442009744,0,3,2,81,20.455514712842827,3.5316417731654397,6.072167036889841,3,154,0,0,0
tourist_6,2025-08-12 10:36:37.361255,1,10,Shillong,False,normal,649,0.6760770819299198,6.586643091765057,1,11,2,84,28.01559722709918,5.371044815680566,3.1733684822502806,26,131,0,0,0
tourist_6,2025-08-12 11:36:37.361255,1,11,Shillong,False,normal,329,0.7676465132754404,5.582668024088234,2,10,2,82,29.332225691837053,4.34188591786607,6.440699494288726,15,138,0,0,0
tourist_6,2025-08-12 12:36:37.361255,1,12,Shillong,False,normal,299,0.6336950118534347,7.485611444029615,5,12,0,76,26.55814207214881,4.901528665056772,4.782681590163853,9,167,0,0,0
tourist_6,2025-08-12 13:36:37.361255,1,13,Shillong,False,normal,670,2.5087035934049595,6.535703232753183,3,19,0,71,26.237414539699653,4.523322026556609,7.595824812721871,13,11,0,0,0
tourist_6,2025-08-12 14:36:37.361255,1,14,Shillong,False,normal,438,1.94230371046015,5.2069911581961765,3,6,1,88,34.831989232458525,5.362792071241535,6.985177280887985,17,106,0,0,0
tourist_6,2025-08-12 15:36:37.361255,1,15,Shillong,False,normal,464,1.0487392423953708,6.613785488008474,3,10,0,87,20.44371487635591,5.476166687248325,3.4472378272008415,6,33,0,0,0
tourist_6,2025-08-12 16:36:37.361255,1,16,Shillong,False,normal,228,1.5057678497256595,6.769778016952893,5,9,1,77,22.133086942827106,5.6029114585486495,6.060857810009173,7,20,0,0,0
tourist_6,2025-08-12 17:36:37.361255,1,17,Shillong,False,normal,355,1.1474916361273164,7.4115286161067,5,13,2,90,38.23377372058563,5.09258472939357,7.193674446339271,13,150,0,0,0
tourist_6,2025-08-12 18:36:37.361255,1,18,Shillong,False,normal,474,2.71453503534477,6.817029459592773,1,6,0,72,38.28368590885715,5.027324108191341,7.55608432161411,18,154,0,0,0
tourist_6,2025-08-12 19:36:37.361255,1,19,Shillong,False,normal,702,2.9430785126762604,8.831119459586793,3,12,0,78,21.740624435638182,3.458640997288425,4.234858125336315,1,46,0,0,0
tourist_6,2025-08-12 20:36:37.361255,1,20,Shillong,False,normal,92,0.18454062544209943,6.443689151207984,0,0,0,73,36.280561167851026,5.7888216099721035,8.842716916900127,23,95,0,0,0
tourist_6,2025-08-12 21:36:37.361255,1,21,Shillong,False,normal,20,0.10653963659435257,6.899994454164677,0,1,1,70,32.651285759895075,4.164112388234734,5.322622671824824,19,105,0,0,0
tourist_6,2025-08-12 22:36:37.361255,1,22,Shillong,False,normal,17,0.04264985041376288,6.859482388484313,0,1,1,74,28.46162167393588,4.102883121596006,3.6928234779485583,14,26,0,0,0
tourist_6,2025-08-12 23:36:37.361255,1,23,Shillong,False,normal,85,0.04111856251102517,6.67976461833996,0,1,0,82,37.47360818933316,5.010095501779138,9.232106663071965,7,108,0,0,0
tourist_7,2025-08-11 00:36:37.361255,0,0,Agartala,False,normal,89,0.04964630328604838,7.260209347348053,0,1,0,81,35.403464289077306,3.3259007032075774,5.47307823935347,24,6,0,0,0
tourist_7,2025-08-11 01:36:37.361255,0,1,Agartala,False,normal,55,0.07229124149715659,7.659015059532786,0,1,0,84,33.890645268731916,5.3504411181458895,4.428468732077231,17,129,0,0,0
tourist_7,2025-08-11 02:36:37.361255,0,2,Agartala,False,normal,71,0.10220348774539373,8.457882465871549,0,0,1,85,25.354610628986762,3.2874250264804297,5.445513188935992,8,181,0,0,0
tourist_7,2025-08-11 03:36:37.361255,0,3,Agartala,False,normal,100,0.05174958791947551,5.54852763494065,0,1,0,89,20.31352658672835,4.123463056417317,3.683970456596758,16,6,0,0,0
tourist_7,2025-08-11 04:36:37.361255,0,4,Agartala,False,normal,28,0.07360389296415325,6.607440888528993,0,2,1,72,35.144997765161484,5.454921250678233,8.81891715576436,29,104,0,0,0
tourist_7,2025-08-11 05:36:37.361255,0,5,Agartala,False,normal,95,0.16976094147357976,6.67001233698287,0,0,2,76,22.061725781150084,4.712231805453376,3.987582682845534,26,30,0,0,0
tourist_7,2025-08-11 06:36:37.361255,0,6,Agartala,False,normal,10,0.014100981216577813,8.05563405969682,0,3,2,83,20.3807226246712,4.906571025972122,4.827659194044198,25,166,0,0,0
tourist_7,2025-08-11 07:36:37.361255,0,7,Agartala,False,normal,74,0.021823478033709588,6.76112070126177,0,3,0,75,27.492868071014108,4.6683135661818405,6.120497223710372,10,129,0,0,0
tourist_7,2025-08-11 08:36:37.361255,0,8,Agartala,False,normal,682,1.4776952574481976,5.222608169255794,3,17,2,83,38.529938950075675,4.577358178575855,9.496056106284556,9,132,0,0,0
tourist_7,2025-08-11 09:36:37.361255,0,9,Agartala,False,normal,417,1.6546011106798746,7.20551422620169,1,9,0,85,39.773289148511616,4.626516953282674,5.596775469865845,20,65,0,0,0
tourist_7,2025-08-11 10:36:37.361255,0,10,Agartala,False,normal,332,2.6353476121870973,7.084094530794174,4,8,1,73,28.765675416257874,5.026584454698216,6.927140757356515,12,78,0,0,0
tourist_7,2025-08-11 11:36:37.361255,0,11,Agartala,False,normal,644,0.5889794673414401,7.297535328106429,3,20,0,74,38.831164428988274,5.302722454695248,8.189395110046625,21,149,0,0,0
tourist_7,2025-08-11 12:36:37.361255,0,12,Agartala,False,normal,547,1.2847403450376205,6.077620881355632,3,15,0,88,37.78885649476071,3.239632391793577,4.489723937546456,1,192,0,0,0
tourist_7,2025-08-11 13:36:37.361255,0,13,Agartala,False,normal,785,0.7578500134953243,8.836818443419617,1,8,1,85,21.201093804531737,5.103669132203912,3.101951455237322,23,94,0,0,0
tourist_7,2025-08-11 14:36:37.361255,0,14,Agartala,False,normal,339,1.595511254658623,6.793923978549767,2,17,2,72,37.682401395733564,5.235763372611919,3.0051413241263445,14,86,0,0,0
tourist_7,2025-08-11 15:36:37.361255,0,15,Agartala,False,normal,490,2.97767768609037,6.929486903841447,5,8,1,79,34.48620264707637,3.994750452101047,6.8767949047175865,21,127,0,0,0
tourist_7,2025-08-11 16:36:37.361255,0,16,Agartala,False,normal,373,2.4951594979230114,6.217775192525953,3,20,2,90,38.23504472873347,5.0057744329532845,8.737182899948195,23,6,0,0,0
tourist_7,2025-08-11 17:36:37.361255,0,17,Agartala,False,normal,752,2.3810237059879897,6.1867817584603895,5,14,1,71,23.496479499965268,5.035391110271483,3.03910074948948,3,141,0,0,0
tourist_7,2025-08-11 18:36:37.361255,0,18,Agartala,False,normal,48,0.023826847301120325,5.895046802586328,0,3,0,87,24.429120557341335,5.4141298933333175,7.194696825860972,16,182,0,0,0
tourist_7,2025-08-11 19:36:37.361255,0,19,Agartala,False,normal,37,0.09372973606309275,6.724472910553956,0,1,2,89,28.688394879326385,5.575685763323002,6.809955539704511,27,96,0,0,0
tourist_7,2025-08-11 20:36:37.361255,0,20,Agartala,False,normal,93,0.05652980742141925,6.160201923578479,0,3,2,84,32.16302857034365,4.5836801567370085,7.041064113388977,4,6,0,0,0
tourist_7,2025-08-11 21:36:37.361255,0,21,Agartala,False,normal,91,0.1558714431705511,9.174251103560335,0,0,2,77,30.174221968110814,4.278887717080506,4.7286023268617,8,110,0,0,0
tourist_7,2025-08-11 22:36:37.361255,0,22,Agartala,False,normal,29,0.011721487586679591,5.229291381948299,0,1,1,88,25.12353321867571,4.4022990453477036,8.52308047744497,12,10,0,0,0
tourist_7,2025-08-11 23:36:37.361255,0,23,Agartala,False,normal,27,0.10381803564402281,5.98945321415332,0,2,2,88,31.593588835007804,4.856861045634152,5.829862982537551,5,55,0,0,0
tourist_7,2025-08-12 00:36:37.362253,1,0,Imphal,False,normal,8,0.10735768913749018,6.716369333878099,0,0,1,80,21.104134794500474,5.975365539452087,9.720781839672753,26,154,0,0,0
tourist_7,2025-08-12 01:36:37.362253,1,1,Imphal,False,normal,86,0.010226890464000382,7.7912750404334385,0,1,0,87,29.162745821729324,3.8112594849197423,8.590056455627328,29,101,0,0,0
tourist_7,2025-08-12 02:36:37.362253,1,2,Imphal,False,normal,91,0.03538652500909061,6.704026880955051,0,2,0,75,37.19878719743639,3.4673073168942166,4.2338647371697204,0,108,0,0,0
tourist_7,2025-08-12 03:36:37.362253,1,3,Imphal,False,normal,52,0.15359468361685238,7.793747155338091,0,2,0,87,20.193962009246306,3.1722930901532034,4.260475608143273,13,53,0,0,0
tourist_7,2025-08-12 04:36:37.362253,1,4,Imphal,False,normal,64,0.09173384320448455,6.130979873044792,0,3,1,72,28.593227073123085,3.486477423982676,5.523467347285443,27,175,0,0,0
tourist_7,2025-08-12 05:36:37.362253,1,5,Imphal,False,normal,20,0.006431420717698044,7.17707489622982,0,3,0,72,24.50340083955342,5.909404495773806,6.143205702323336,9,182,0,0,0
tourist_7,2025-08-12 06:36:37.362253,1,6,Imphal,False,normal,26,0.12383986369205068,8.861824849345947,0,2,1,80,35.72224759310653,4.324756350728389,4.306505369700899,12,67,0,0,0
tourist_7,2025-08-12 07:36:37.362253,1,7,Imphal,False,normal,30,0.09106418956913165,6.150039366635635,0,2,0,88,39.980246702571876,3.9052839695054136,7.504769583559572,19,143,0,0,0
tourist_7,2025-08-12 08:36:37.362253,1,8,Imphal,False,normal,380,2.3592863518565146,7.537351438230508,3,14,0,81,38.05723135785221,3.518733197298298,8.085632351751478,24,40,0,0,0
tourist_7,2025-08-12 09:36:37.362253,1,9,Imphal,False,normal,440,1.3958216952000826,7.324711281618374,5,14,0,79,22.225598138707248,3.2871144796041065,7.375956469839844,7,167,0,0,0
tourist_7,2025-08-12 10:36:37.362253,1,10,Imphal,False,normal,261,0.6256080029035844,4.866248776347243,1,8,0,85,37.22124509704835,5.7026662197898474,6.288766245755557,15,68,0,0,0
tourist_7,2025-08-12 11:36:37.362253,1,11,Imphal,False,normal,649,2.18258592009324,6.528813215864434,3,5,0,72,34.08121984342969,3.5145915649385,3.5024035079496567,27,124,0,0,0
tourist_7,2025-08-12 12:36:37.362253,1,12,Imphal,False,normal,536,1.3599203738833705,8.248935667641103,1,6,1,77,25.18678984321622,5.636103509696012,3.1563151806687717,18,0,0,0,0
tourist_7,2025-08-12 13:36:37.362253,1,13,Imphal,False,normal,464,2.739785943509114,7.252861434819812,2,8,0,70,27.77903888438043,4.072123540271788,9.245306855169858,30,147,0,0,0
tourist_7,2025-08-12 14:36:37.362253,1,14,Imphal,False,normal,421,1.3565483521630723,5.90551479943905,5,8,0,82,20.018528751660693,4.66397382432673,5.607380434755528,24,60,0,0,0
tourist_7,2025-08-12 15:36:37.362253,1,15,Imphal,False,normal,508,2.193324763194876,7.808561035250756,2,16,2,75,33.62700301944527,3.150471398098104,3.088741650726564,15,172,0,0,0
tourist_7,2025-08-12 16:36:37.362253,1,16,Imphal,False,normal,478,1.8889791191232193,6.638660817020761,4,8,1,82,31.773062530642,5.430249881696843,3.5324721123903924,14,28,0,0,0
tourist_7,2025-08-12 17:36:37.362253,1,17,Imphal,False,normal,303,2.9776127765263602,7.47783449041595,3,15,1,78,39.15077740160536,5.326856416511583,3.263995814559258,2,40,0,0,0
tourist_7,2025-08-12 18:36:37.362253,1,18,Imphal,False,normal,19,0.015980164793093943,7.4947038767727445,0,2,1,84,34.79130228086879,3.2436315638995414,7.154600753752579,24,95,0,0,0
tourist_7,2025-08-12 19:36:37.362253,1,19,Imphal,False,normal,44,0.053526846947800945,5.99908816118954,0,1,2,70,33.438082816744284,5.332443672506363,6.78467150070794,26,66,0,0,0
tourist_7,2025-08-12 20:36:37.362253,1,20,Imphal,False,normal,33,0.1765521576894453,7.907611797069412,0,1,1,72,20.877082918685794,4.078807843855705,7.933317061178797,0,59,0,0,0
tourist_7,2025-08-12 21:36:37.362253,1,21,Imphal,False,normal,39,0.09977625142331087,6.110274961099938,0,0,2,90,32.06453832011479,5.387666598136187,4.0940244186922605,3,6,0,0,0
tourist_7,2025-08-12 22:36:37.362253,1,22,Imphal,False,normal,88,0.030443754135533532,5.811997895993473,0,0,0,79,20.421395957280087,3.646109694214778,4.594020554821483,3,71,0,0,0
tourist_7,2025-08-12 23:36:37.362253,1,23,Imphal,False,normal,64,0.18541311478451306,6.234954774613076,0,1,1,73,35.74766598629947,5.8156705950391085,4.741789331028816,16,194,0,0,0
tourist_8,2025-08-11 00:36:37.362253,0,0,Agartala,False,normal,36,0.15187683351708126,7.543654681661541,0,2,4,84,31.571223972331786,4.027016136312817,4.010830552189569,28,95,0,0,0
tourist_8,2025-08-11 01:36:37.362253,0,1,Agartala,False,normal,40,0.13484377665022898,7.999147871965997,0,1,7,77,24.495008403521908,5.420228242364227,8.360161489876216,14,192,0,0,0
tourist_8,2025-08-11 02:36:37.362253,0,2,Agartala,False,normal,17,0.07148043508356053,7.117160983152295,0,0,5,70,34.6727183390012,5.258457100255508,7.393206383603139,0,99,0,0,0
tourist_8,2025-08-11 03:36:37.362253,0,3,Agartala,False,normal,32,0.17099363384332503,8.63456402791985,0,1,3,82,27.106075851902325,3.630297942744258,8.145222414956136,21,94,0,0,0
tourist_8,2025-08-11 04:36:37.362253,0,4,Agartala,False,normal,81,0.17485989053493176,8.14120889956833,0,2,4,80,26.08186407860483,5.32884113696816,7.410826200324523,24,142,0,0,0
tourist_8,2025-08-11 05:36:37.362253,0,5,Agartala,False,normal,79,0.19939357674627756,7.194946500419232,0,2,8,90,36.02344911215074,4.199372567913909,6.3882052227082475,4,112,0,0,0
tourist_8,2025-08-11 06:36:37.362253,0,6,Agartala,False,normal,550,1.4826153132002922,8.77873763311959,2,6,3,79,37.93163492156787,3.824717079660035,8.73354859566707,19,45,0,0,0
tourist_8,2025-08-11 07:36:37.362253,0,7,Agartala,False,normal,751,1.1802894478670343,9.050813073171218,5,19,8,70,24.33258201397816,5.635351689434998,6.302832558584855,28,14,0,0,0
tourist_8,2025-08-11 08:36:37.362253,0,8,Agartala,False,normal,654,2.602679150422336,7.791060018715221,3,17,3,88,27.843061793173835,3.562773460494948,3.6568229311293203,2,168,0,0,0
tourist_8,2025-08-11 09:36:37.362253,0,9,Agartala,False,normal,356,1.7580186488276217,7.674761670560844,2,8,7,71,39.30809162400446,5.300881310250073,4.495695516214006,10,73,0,0,0
tourist_8,2025-08-11 10:36:37.362253,0,10,Agartala,False,normal,567,1.308629567548047,6.115973362268383,3,19,4,82,29.37100339729387,4.329314208753573,9.816745986264266,15,59,0,0,0
tourist_8,2025-08-11 11:36:37.362253,0,11,Agartala,False,normal,700,2.2623418845610717,7.482232123133266,5,8,6,79,22.355003743175928,3.1340734370618977,9.284107032310413,12,76,0,0,0
tourist_8,2025-08-11 12:36:37.362253,0,12,Agartala,False,normal,45,0.11983607527696055,7.59823800295937,0,3,4,84,30.762717668012904,3.4972649854803763,7.648562330302281,27,1,0,0,0
tourist_8,2025-08-11 13:36:37.362253,0,13,Agartala,False,normal,91,0.12140152484431388,8.135124122784427,0,1,5,87,34.601367778271694,3.5090535584605864,6.183836888842087,8,49,0,0,0
tourist_8,2025-08-11 14:36:37.362253,0,14,Agartala,False,normal,93,0.17204573520330999,7.721318283894262,0,3,6,83,37.089255027021935,5.3364087093396115,4.993825478539177,30,58,0,0,0
tourist_8,2025-08-11 15:36:37.362253,0,15,Agartala,False,normal,99,0.19162728987907526,8.13377165366523,0,3,8,74,22.824646824138448,4.808573590124425,7.048719998713189,10,92,0,0,0
tourist_8,2025-08-11 16:36:37.362253,0,16,Agartala,False,normal,67,0.09027042639066728,9.4238350048286,0,1,6,79,36.95507985833491,4.67502731843947,4.823227844049209,19,133,0,0,0
tourist_8,2025-08-11 17:36:37.362253,0,17,Agartala,False,normal,35,0.12717190487794003,7.359830616891058,0,3,4,88,39.71859324404156,5.22069625220481,3.022104756700303,9,166,0,0,0
tourist_8,2025-08-11 18:36:37.362253,0,18,Agartala,False,normal,68,0.1433073027928525,7.398772432958888,0,0,5,72,30.63580735337687,3.113073732793266,7.788691336352097,1,51,0,0,0
tourist_8,2025-08-11 19:36:37.362253,0,19,Agartala,False,normal,11,0.13202376038296967,6.5805794012221535,0,1,7,79,27.59250253946857,4.159098041799296,6.316104805016339,23,20,0,0,0
tourist_8,2025-08-11 20:36:37.362253,0,20,Agartala,False,normal,95,0.10741785105529288,7.881084248783149,0,3,4,75,38.511404212800265,5.298745515331569,6.182965271104325,25,58,0,0,0
tourist_8,2025-08-11 21:36:37.362253,0,21,Agartala,False,normal,62,0.19759387312212578,8.866557697994345,0,2,6,78,25.216436637910437,5.956808918715527,3.61037580085517,10,163,0,0,0
tourist_8,2025-08-11 22:36:37.362253,0,22,Agartala,False,normal,5,0.09309104315685648,6.138674366332365,0,1,8,71,26.59005053264621,3.2807835228485747,3.414074956695441,3,144,0,0,0
tourist_8,2025-08-11 23:36:37.362253,0,23,Agartala,False,normal,40,0.009005378070960579,7.223887748505347,0,0,3,84,25.338389340385184,5.483060748801321,3.8296848896529863,1,29,0,0,0
tourist_8,2025-08-12 00:36:37.362253,1,0,Gangtok,False,normal,74,0.029318635264354565,7.9256852180286534,0,2,4,87,32.23618809474176,4.370660204107349,8.34313632985637,4,24,0,0,0
tourist_8,2025-08-12 01:36:37.362253,1,1,Gangtok,False,normal,48,0.16894743646207863,8.739847599049172,0,3,6,73,23.058529522994657,3.348363424435525,4.412364207688004,21,105,0,0,0
tourist_8,2025-08-12 02:36:37.362253,1,2,Gangtok,False,normal,32,0.007886188784280268,8.2726149545516,0,2,6,87,29.39138820147584,5.886737104449061,8.106739110978818,20,66,0,0,0
tourist_8,2025-08-12 03:36:37.362253,1,3,Gangtok,False,normal,66,0.07821009850408414,8.215208343706866,0,1,7,71,24.923536807857978,3.5136128841743415,6.190260239387,20,53,0,0,0
tourist_8,2025-08-12 04:36:37.362253,1,4,Gangtok,False,normal,75,0.05436425023176122,7.665431929553834,0,3,8,79,37.03471280861211,4.5481855544271035,8.523891664120946,7,138,0,0,0
tourist_8,2025-08-12 05:36:37.362253,1,5,Gangtok,False,normal,95,0.0651519232830935,8.37161897254345,0,2,3,89,36.20763225371117,5.80571229455002,7.672568278735527,28,200,0,0,0
tourist_8,2025-08-12 06:36:37.362253,1,6,Gangtok,False,normal,571,2.836446326059631,8.904048599058196,1,5,5,89,22.757844320191253,4.734516050934527,9.480450757686564,4,9,0,0,0
tourist_8,2025-08-12 07:36:37.362253,1,7,Gangtok,False,normal,248,1.89447134188992,6.180752938975532,4,19,6,80,38.945101739722624,4.749139056552266,7.210916194418307,9,179,0,0,0
tourist_8,2025-08-12 08:36:37.362253,1,8,Gangtok,False,normal,248,2.5730480448450876,8.618280116359868,3,11,8,88,39.184363768790924,4.670107904855802,6.958117337284884,18,71,0,0,0
tourist_8,2025-08-12 09:36:37.362253,1,9,Gangtok,False,normal,417,2.3109451526998095,7.790984909658022,4,15,8,78,34.03042565775745,5.735877176126726,3.897714373294863,3,46,0,0,0
tourist_8,2025-08-12 10:36:37.362253,1,10,Gangtok,False,normal,571,2.6117150139387224,7.35975585131022,1,19,3,84,38.61214156988083,5.594830724121878,3.0542085588176233,5,102,0,0,0
tourist_8,2025-08-12 11:36:37.362253,1,11,Gangtok,False,normal,297,2.454916201008081,5.44666892964542,2,14,6,78,33.540418443478565,4.6820848461480615,5.4029372985171795,24,6,0,0,0
tourist_8,2025-08-12 12:36:37.362253,1,12,Gangtok,False,normal,86,0.08130436946033961,6.509393391870436,0,3,7,84,36.2198862928587,3.4654395216133462,6.028575385731112,26,189,0,0,0
tourist_8,2025-08-12 13:36:37.362253,1,13,Gangtok,False,normal,93,0.14202066784359313,9.587803707771986,0,2,3,84,24.332851572705398,4.639637931290414,7.29914030803295,4,42,0,0,0
tourist_8,2025-08-12 14:36:37.362253,1,14,Gangtok,False,normal,35,0.08113359809342764,7.201196183061181,0,3,5,88,37.99144028183006,4.910586075969623,3.4028749469037507,6,141,0,0,0
tourist_8,2025-08-12 15:36:37.362253,1,15,Gangtok,False,normal,100,0.18068946054961763,6.804975944271653,0,1,6,72,31.411090992286894,3.4898790080864304,6.306549822266344,12,96,0,0,0
tourist_8,2025-08-12 16:36:37.362253,1,16,Gangtok,False,normal,24,0.16835879081937977,7.433318759381143,0,2,8,85,25.649404132130428,4.766123648221565,8.748331178274167,26,36,0,0,0
tourist_8,2025-08-12 17:36:37.362253,1,17,Gangtok,False,normal,15,0.1725865033431652,7.144597493666142,0,1,3,73,38.78937925352746,3.389499937795391,3.1647860786319044,19,96,0,0,0
tourist_8,2025-08-12 18:36:37.362253,1,18,Gangtok,False,normal,4,0.05968764458949225,8.01410334814365,0,0,7,73,23.236399005537635,5.278596730617901,5.605820786787146,13,65,0,0,0
tourist_8,2025-08-12 19:36:37.362253,1,19,Gangtok,False,normal,35,0.026358578567708624,9.406718393771346,0,2,8,80,36.86257326539115,3.340458014047195,5.256009631412655,9,193,0,0,0
tourist_8,2025-08-12 20:36:37.362253,1,20,Gangtok,False,normal,47,0.17362222455751763,7.303128764672521,0,0,4,76,32.97419308781048,5.905859682043848,9.936388307267556,18,200,0,0,0
tourist_8,2025-08-12 21:36:37.362253,1,21,Gangtok,False,normal,62,0.19095183673792238,8.044034766076607,0,0,7,74,23.596474640229257,3.038525537217339,8.746042090348043,16,199,0,0,0
tourist_8,2025-08-12 22:36:37.362253,1,22,Gangtok,False,normal,72,0.143402142701172,6.7425075742845,0,1,3,86,21.16110714589237,3.5890686276405708,3.578147645015131,7,127,0,0,0
tourist_8,2025-08-12 23:36:37.362253,1,23,Gangtok,False,normal,76,0.12858915480679187,9.409911157731267,0,2,3,79,29.208603260268294,3.306808080765386,8.864634934841021,17,122,0,0,0
tourist_9,2025-08-11 00:36:37.362253,0,0,Gangtok,False,normal,77,0.07554137374689157,6.89583804962209,0,0,5,85,31.618798840854648,5.441410035577471,3.3882963576692635,23,152,0,0,0
tourist_9,2025-08-11 01:36:37.362253,0,1,Gangtok,False,normal,98,0.1373230547190891,5.6249754839173605,0,3,7,79,29.576865187268787,3.9798521027403133,8.292694221175958,21,41,0,0,0
tourist_9,2025-08-11 02:36:37.362253,0,2,Gangtok,False,normal,79,0.12345136492728355,7.611100827342622,0,1,8,87,33.699614597801244,5.866070931132021,7.1679433053326,30,43,0,0,0
tourist_9,2025-08-11 03:36:37.362253,0,3,Gangtok,False,normal,58,0.031232095219429757,7.906782255790594,0,2,8,72,24.61413485357112,3.7254564109186274,9.273401888076997,2,158,0,0,0
tourist_9,2025-08-11 04:36:37.362253,0,4,Gangtok,False,normal,59,0.1710716266902679,6.868250970615616,0,3,4,77,35.44761213781514,5.916779443441197,7.6771590331976505,23,195,0,0,0
tourist_9,2025-08-11 05:36:37.362253,0,5,Gangtok,False,normal,58,0.1173426078639605,5.067397639667204,0,1,8,85,23.98223745996003,4.353312129476199,7.550070209364179,7,20,0,0,0
tourist_9,2025-08-11 06:36:37.362253,0,6,Gangtok,False,normal,554,2.721861855987396,8.491963420724455,5,10,8,89,31.884813692132287,4.775527820550964,5.445434368676836,5,146,0,0,0
tourist_9,2025-08-11 07:36:37.362253,0,7,Gangtok,False,normal,521,1.3950545910323973,7.016917127834507,2,10,7,78,20.28152837877574,4.877977795303307,3.542251228013321,21,107,0,0,0
tourist_9,2025-08-11 08:36:37.362253,0,8,Gangtok,False,normal,686,0.6183840894566359,7.877248904569433,2,17,8,89,22.15724009025124,4.1960990090146755,4.377911976696641,25,91,0,0,0
tourist_9,2025-08-11 09:36:37.362253,0,9,Gangtok,False,normal,391,2.8858598723193305,6.155901402090838,2,14,6,89,38.455085611970986,3.602018471992273,3.6153495030709255,10,36,0,0,0
tourist_9,2025-08-11 10:36:37.362253,0,10,Gangtok,False,normal,268,0.9865210363035111,6.3081706824740795,2,6,5,84,22.895297312960253,3.064352528568966,7.95888284203432,10,105,0,0,0
tourist_9,2025-08-11 11:36:37.362253,0,11,Gangtok,False,normal,645,0.6822321705418339,6.817247716498546,5,18,6,73,25.44839658049412,5.073006160814471,5.213178144408079,3,116,0,0,0
tourist_9,2025-08-11 12:36:37.362253,0,12,Gangtok,False,normal,62,0.11446530742974992,7.82019628524386,0,3,7,80,33.81402040022013,4.271256726698755,6.5622054867795505,8,165,0,0,0
tourist_9,2025-08-11 13:36:37.362253,0,13,Gangtok,False,normal,75,0.13594477025046192,6.8497846353751415,0,2,4,74,27.59887716643349,3.3591902194333714,8.27623468400737,19,172,0,0,0
tourist_9,2025-08-11 14:36:37.362253,0,14,Gangtok,False,normal,94,0.04154405823219434,5.449960794674299,0,2,6,85,34.72672953832823,3.2101004382352967,8.740709561769592,6,47,0,0,0
tourist_9,2025-08-11 15:36:37.362253,0,15,Gangtok,False,normal,3,0.1959035505531102,6.968783803991322,0,3,4,82,31.784662334984862,5.5587290452184615,7.19705208558624,21,191,0,0,0
tourist_9,2025-08-11 16:36:37.362253,0,16,Gangtok,False,normal,25,0.13343350765497494,8.336328801718746,0,1,4,88,21.403899306442014,5.334150426935048,4.22422948921516,17,115,0,0,0
tourist_9,2025-08-11 17:36:37.362253,0,17,Gangtok,False,normal,83,0.09976516983278719,6.772600889670811,0,0,5,77,31.08522222836659,5.645837582313295,9.37548049856357,19,28,0,0,0
tourist_9,2025-08-11 18:36:37.362253,0,18,Gangtok,False,normal,76,0.07523725489098575,6.836180130984463,0,3,7,87,28.375143160179515,5.674131564640781,3.5603994798604797,0,121,0,0,0
tourist_9,2025-08-11 19:36:37.362253,0,19,Gangtok,False,normal,47,0.13760520473755422,5.444250864424161,0,3,6,83,33.80070136510405,3.032003607371612,8.306305437499361,0,1,0,0,0
tourist_9,2025-08-11 20:36:37.362253,0,20,Gangtok,False,normal,43,0.1451583737351195,5.303805519485141,0,1,6,86,31.01195496772864,4.765467466351907,9.537578570998356,26,3,0,0,0
tourist_9,2025-08-11 21:36:37.362253,0,21,Gangtok,False,normal,91,0.0529845354946805,6.069102468394738,0,0,5,82,35.5140646255833,4.524983952415704,3.2844596142656166,18,130,0,0,0
tourist_9,2025-08-11 22:36:37.362253,0,22,Gangtok,False,normal,50,0.05931016251870816,6.380276960589256,0,3,8,81,29.637035223929388,5.817642279680762,5.170045152627312,1,129,0,0,0
tourist_9,2025-08-11 23:36:37.362253,0,23,Gangtok,False,normal,100,0.09957798568640747,6.81085534221826,0,3,5,88,38.450062031359174,3.3135740005833556,6.55182393305476,15,135,0,0,0
tourist_9,2025-08-12 00:36:37.362253,1,0,Tawang,False,normal,27,0.047417117447664685,6.872751581682157,0,1,5,75,38.90294460583401,3.7200756618353807,7.307887204095964,1,196,0,0,0
tourist_9,2025-08-12 01:36:37.362253,1,1,Tawang,False,normal,83,0.1701370727796505,8.308702258224908,0,2,6,83,34.49535751712469,5.977565036047235,4.965366136934636,30,131,0,0,0
tourist_9,2025-08-12 02:36:37.362253,1,2,Tawang,False,normal,80,0.10316925773541773,6.76548204565789,0,2,3,85,38.03003350349702,3.395843338559574,8.129013863244154,27,11,0,0,0
tourist_9,2025-08-12 03:36:37.362253,1,3,Tawang,False,normal,29,0.07023168405577962,7.771217295618888,0,0,7,86,31.339068211669417,3.3276501600593344,9.431545464188842,19,130,0,0,0
tourist_9,2025-08-12 04:36:37.362253,1,4,Tawang,False,normal,37,0.1975043296587596,6.6674652725630645,0,0,3,70,35.10518607479198,5.012366351201105,7.369427140072875,3,88,0,0,0
tourist_9,2025-08-12 05:36:37.362253,1,5,Tawang,False,normal,34,0.1270853180000439,8.155698218833741,0,0,5,80,36.09766454061362,5.566382878150943,5.112593924896798,5,178,0,0,0
tourist_9,2025-08-12 06:36:37.362253,1,6,Tawang,False,normal,332,0.8789539951514063,4.83639712846078,4,10,5,71,39.3559832649472,4.5657770642457525,8.765328310476345,21,146,0,0,0
tourist_9,2025-08-12 07:36:37.362253,1,7,Tawang,False,normal,643,0.7869976387566769,6.108062840529551,3,6,5,85,22.720378936099813,5.269064217322953,4.991265538577075,23,162,0,0,0
tourist_9,2025-08-12 08:36:37.362253,1,8,Tawang,False,normal,754,1.5365366823272182,7.6898280034672215,4,11,5,85,33.70405803677326,5.653582309326048,4.3717150805092,18,94,0,0,0
tourist_9,2025-08-12 09:36:37.362253,1,9,Tawang,False,normal,204,0.7552212913847465,6.535198601951265,2,17,8,88,21.87253145015697,5.398163235740791,3.8963147406374024,1,56,0,0,0
tourist_9,2025-08-12 10:36:37.362253,1,10,Tawang,False,normal,449,0.8942336215337466,7.638324220595946,2,13,3,90,22.321778394347255,3.807081450427889,6.912365302005149,24,20,0,0,0
tourist_9,2025-08-12 11:36:37.362253,1,11,Tawang,False,normal,336,1.119887219177212,7.0918607099852515,1,6,8,71,35.884021004279404,4.6713302349180115,8.578714025310525,25,173,0,0,0
tourist_9,2025-08-12 12:36:37.362253,1,12,Tawang,False,normal,15,0.09828782281775977,7.652671590921014,0,2,3,70,35.146817287247195,5.205420883451589,7.953204283772985,18,135,0,0,0
tourist_9,2025-08-12 13:36:37.362253,1,13,Tawang,False,normal,76,0.15155273862537674,7.319862335236824,0,0,7,84,38.07371370644254,3.6386972842450716,3.95922622571494,11,133,0,0,0
tourist_9,2025-08-12 14:36:37.362253,1,14,Tawang,False,normal,32,0.14024903133870437,7.38044354102173,0,2,7,74,32.91563371375851,5.7637761648987045,8.557979624637344,18,183,0,0,0
tourist_9,2025-08-12 15:36:37.362253,1,15,Tawang,False,normal,16,0.04870787452467749,8.19924999435953,0,3,5,78,28.88729782669425,4.98646285024247,7.814589901968453,30,143,0,0,0
tourist_9,2025-08-12 16:36:37.362253,1,16,Tawang,False,normal,88,0.18471020245859734,7.69326862590892,0,1,7,82,38.54824832064949,4.451477687816019,7.433867815483167,18,170,0,0,0
tourist_9,2025-08-12 17:36:37.362253,1,17,Tawang,False,normal,21,0.12249389209908818,7.700601314344389,0,2,3,85,32.63887014988557,5.6715728125992815,9.758306887184222,21,152,0,0,0
tourist_9,2025-08-12 18:36:37.362253,1,18,Tawang,False,normal,35,0.19494004318805208,6.727213365993557,0,2,5,86,36.17428528394663,5.4959212147072956,6.2645680536430834,29,29,0,0,0
tourist_9,2025-08-12 19:36:37.362253,1,19,Tawang,False,normal,72,0.023143877983615946,6.124944397391108,0,1,8,85,22.72842508355364,3.857330335656857,8.812869859466776,30,6,0,0,0
tourist_9,2025-08-12 20:36:37.362253,1,20,Tawang,False,normal,6,0.074748779984231,6.047234518935684,0,1,8,86,35.43397071437552,5.231288293748787,4.799129763982817,10,3,0,0,0
tourist_9,2025-08-12 21:36:37.362253,1,21,Tawang,False,normal,21,0.024848307942385173,7.457739204397661,0,2,5,90,31.265083569127103,5.575549374970748,8.074196617540789,27,159,0,0,0
tourist_9,2025-08-12 22:36:37.362253,1,22,Tawang,False,normal,31,0.09949230475476085,4.268334043162957,0,0,5,75,38.95870055471592,4.03517925147808,8.0719554561007,0,121,0,0,0
tourist_9,2025-08-12 23:36:37.362253,1,23,Tawang,False,normal,12,0.06855768218355614,5.399616418903695,0,1,3,78,27.224669083466218,5.3575363904283275,8.563506849829322,17,160,0,0,0
